2009,"Animal Kingdom","Adventure","Studio – Value",01/01/09,01/31/09,8,8,8,8,8,16,16,72
2009,"Animal Kingdom","Adventure","Studio – Value",08/01/09,08/30/09,8,8,8,8,8,16,16,72
2009,"Animal Kingdom","Adventure","Studio – Value",12/01/09,01/14/09,8,8,8,8,8,16,16,72
2009,"Animal Kingdom","Adventure","Studio – Standard",01/01/09,01/31/09,9,9,9,9,9,19,19,83
2009,"Animal Kingdom","Adventure","Studio – Standard",08/01/09,08/30/09,9,9,9,9,9,19,19,83
2009,"Animal Kingdom","Adventure","Studio – Standard",12/01/09,01/14/09,9,9,9,9,9,19,19,83
2009,"Animal Kingdom","Adventure","Studio – Savannah",01/01/09,01/31/09,11,11,11,11,11,23,23,101
2009,"Animal Kingdom","Adventure","Studio – Savannah",08/01/09,08/30/09,11,11,11,11,11,23,23,101
2009,"Animal Kingdom","Adventure","Studio – Savannah",12/01/09,01/14/09,11,11,11,11,11,23,23,101
2009,"Animal Kingdom","Adventure","Studio – Concierge",01/01/09,01/31/09,13,13,13,13,13,27,27,119
2009,"Animal Kingdom","Adventure","Studio – Concierge",08/01/09,08/30/09,13,13,13,13,13,27,27,119
2009,"Animal Kingdom","Adventure","Studio – Concierge",12/01/09,01/14/09,13,13,13,13,13,27,27,119
2009,"Animal Kingdom","Adventure","One Bedroom – Value",01/01/09,01/31/09,16,16,16,16,16,32,32,144
2009,"Animal Kingdom","Adventure","One Bedroom – Value",08/01/09,08/30/09,16,16,16,16,16,32,32,144
2009,"Animal Kingdom","Adventure","One Bedroom – Value",12/01/09,01/14/09,16,16,16,16,16,32,32,144
2009,"Animal Kingdom","Adventure","One Bedroom – Standard",01/01/09,01/31/09,19,19,19,19,19,38,38,171
2009,"Animal Kingdom","Adventure","One Bedroom – Standard",08/01/09,08/30/09,19,19,19,19,19,38,38,171
2009,"Animal Kingdom","Adventure","One Bedroom – Standard",12/01/09,01/14/09,19,19,19,19,19,38,38,171
2009,"Animal Kingdom","Adventure","One Bedroom – Savannah",01/01/09,01/31/09,23,23,23,23,23,45,45,205
2009,"Animal Kingdom","Adventure","One Bedroom – Savannah",08/01/09,08/30/09,23,23,23,23,23,45,45,205
2009,"Animal Kingdom","Adventure","One Bedroom – Savannah",12/01/09,01/14/09,23,23,23,23,23,45,45,205
2009,"Animal Kingdom","Adventure","One Bedroom – Concierge",01/01/09,01/31/09,27,27,27,27,27,53,53,241
2009,"Animal Kingdom","Adventure","One Bedroom – Concierge",08/01/09,08/30/09,27,27,27,27,27,53,53,241
2009,"Animal Kingdom","Adventure","One Bedroom – Concierge",12/01/09,01/14/09,27,27,27,27,27,53,53,241
2009,"Animal Kingdom","Adventure","Two Bedroom – Value",01/01/09,01/31/09,22,22,22,22,22,43,43,196
2009,"Animal Kingdom","Adventure","Two Bedroom – Value",08/01/09,08/30/09,22,22,22,22,22,43,43,196
2009,"Animal Kingdom","Adventure","Two Bedroom – Value",12/01/09,01/14/09,22,22,22,22,22,43,43,196
2009,"Animal Kingdom","Adventure","Two Bedroom – Standard",01/01/09,01/31/09,23,23,23,23,23,49,49,213
2009,"Animal Kingdom","Adventure","Two Bedroom – Standard",08/01/09,08/30/09,23,23,23,23,23,49,49,213
2009,"Animal Kingdom","Adventure","Two Bedroom – Standard",12/01/09,01/14/09,23,23,23,23,23,49,49,213
2009,"Animal Kingdom","Adventure","Two Bedroom – Savannah",01/01/09,01/31/09,30,30,30,30,30,60,60,270
2009,"Animal Kingdom","Adventure","Two Bedroom – Savannah",08/01/09,08/30/09,30,30,30,30,30,60,60,270
2009,"Animal Kingdom","Adventure","Two Bedroom – Savannah",12/01/09,01/14/09,30,30,30,30,30,60,60,270
2009,"Animal Kingdom","Adventure","Two Bedroom – Concierge",01/01/09,01/31/09,37,37,37,37,37,72,72,329
2009,"Animal Kingdom","Adventure","Two Bedroom – Concierge",08/01/09,08/30/09,37,37,37,37,37,72,72,329
2009,"Animal Kingdom","Adventure","Two Bedroom – Concierge",12/01/09,01/14/09,37,37,37,37,37,72,72,329
2009,"Animal Kingdom","Adventure","Grand Villa",01/01/09,01/31/09,69,69,69,69,69,87,87,519
2009,"Animal Kingdom","Adventure","Grand Villa",08/01/09,08/30/09,69,69,69,69,69,87,87,519
2009,"Animal Kingdom","Adventure","Grand Villa",12/01/09,01/14/09,69,69,69,69,69,87,87,519
2009,"Animal Kingdom","Choice","Studio – Value",10/01/09,10/31/09,8,8,8,8,8,17,17,74
2009,"Animal Kingdom","Choice","Studio – Value",11/01/09,11/23/09,8,8,8,8,8,17,17,74
2009,"Animal Kingdom","Choice","Studio – Value",11/27/09,11/30/09,8,8,8,8,8,17,17,74
2009,"Animal Kingdom","Choice","Studio – Value",12/15/09,12/23/09,8,8,8,8,8,17,17,74
2009,"Animal Kingdom","Choice","Studio – Standard",10/01/09,10/31/09,10,10,10,10,10,20,20,90
2009,"Animal Kingdom","Choice","Studio – Standard",11/01/09,11/23/09,10,10,10,10,10,20,20,90
2009,"Animal Kingdom","Choice","Studio – Standard",11/27/09,11/30/09,10,10,10,10,10,20,20,90
2009,"Animal Kingdom","Choice","Studio – Standard",12/15/09,12/23/09,10,10,10,10,10,20,20,90
2009,"Animal Kingdom","Choice","Studio – Savannah",10/01/09,10/31/09,12,12,12,12,12,24,24,108
2009,"Animal Kingdom","Choice","Studio – Savannah",11/01/09,11/23/09,12,12,12,12,12,24,24,108
2009,"Animal Kingdom","Choice","Studio – Savannah",11/27/09,11/30/09,12,12,12,12,12,24,24,108
2009,"Animal Kingdom","Choice","Studio – Savannah",12/15/09,12/23/09,12,12,12,12,12,24,24,108
2009,"Animal Kingdom","Choice","Studio – Concierge",10/01/09,10/31/09,14,14,14,14,14,28,28,126
2009,"Animal Kingdom","Choice","Studio – Concierge",11/01/09,11/23/09,14,14,14,14,14,28,28,126
2009,"Animal Kingdom","Choice","Studio – Concierge",11/27/09,11/30/09,14,14,14,14,14,28,28,126
2009,"Animal Kingdom","Choice","Studio – Concierge",12/15/09,12/23/09,14,14,14,14,14,28,28,126
2009,"Animal Kingdom","Choice","One Bedroom – Value",10/01/09,10/31/09,17,17,17,17,17,34,34,153
2009,"Animal Kingdom","Choice","One Bedroom – Value",11/01/09,11/23/09,17,17,17,17,17,34,34,153
2009,"Animal Kingdom","Choice","One Bedroom – Value",11/27/09,11/30/09,17,17,17,17,17,34,34,153
2009,"Animal Kingdom","Choice","One Bedroom – Value",12/15/09,12/23/09,17,17,17,17,17,34,34,153
2009,"Animal Kingdom","Choice","One Bedroom – Standard",10/01/09,10/31/09,20,20,20,20,20,40,40,180
2009,"Animal Kingdom","Choice","One Bedroom – Standard",11/01/09,11/23/09,20,20,20,20,20,40,40,180
2009,"Animal Kingdom","Choice","One Bedroom – Standard",11/27/09,11/30/09,20,20,20,20,20,40,40,180
2009,"Animal Kingdom","Choice","One Bedroom – Standard",12/15/09,12/23/09,20,20,20,20,20,40,40,180
2009,"Animal Kingdom","Choice","One Bedroom – Savannah",10/01/09,10/31/09,24,24,24,24,24,48,48,216
2009,"Animal Kingdom","Choice","One Bedroom – Savannah",11/01/09,11/23/09,24,24,24,24,24,48,48,216
2009,"Animal Kingdom","Choice","One Bedroom – Savannah",11/27/09,11/30/09,24,24,24,24,24,48,48,216
2009,"Animal Kingdom","Choice","One Bedroom – Savannah",12/15/09,12/23/09,24,24,24,24,24,48,48,216
2009,"Animal Kingdom","Choice","One Bedroom – Concierge",10/01/09,10/31/09,28,28,28,28,28,56,56,252
2009,"Animal Kingdom","Choice","One Bedroom – Concierge",11/01/09,11/23/09,28,28,28,28,28,56,56,252
2009,"Animal Kingdom","Choice","One Bedroom – Concierge",11/27/09,11/30/09,28,28,28,28,28,56,56,252
2009,"Animal Kingdom","Choice","One Bedroom – Concierge",12/15/09,12/23/09,28,28,28,28,28,56,56,252
2009,"Animal Kingdom","Choice","Two Bedroom – Value",10/01/09,10/31/09,23,23,23,23,23,46,46,207
2009,"Animal Kingdom","Choice","Two Bedroom – Value",11/01/09,11/23/09,23,23,23,23,23,46,46,207
2009,"Animal Kingdom","Choice","Two Bedroom – Value",11/27/09,11/30/09,23,23,23,23,23,46,46,207
2009,"Animal Kingdom","Choice","Two Bedroom – Value",12/15/09,12/23/09,23,23,23,23,23,46,46,207
2009,"Animal Kingdom","Choice","Two Bedroom – Standard",10/01/09,10/31/09,25,25,25,25,25,51,51,227
2009,"Animal Kingdom","Choice","Two Bedroom – Standard",11/01/09,11/23/09,25,25,25,25,25,51,51,227
2009,"Animal Kingdom","Choice","Two Bedroom – Standard",11/27/09,11/30/09,25,25,25,25,25,51,51,227
2009,"Animal Kingdom","Choice","Two Bedroom – Standard",12/15/09,12/23/09,25,25,25,25,25,51,51,227
2009,"Animal Kingdom","Choice","Two Bedroom – Savannah",10/01/09,10/31/09,33,33,33,33,33,65,65,295
2009,"Animal Kingdom","Choice","Two Bedroom – Savannah",11/01/09,11/23/09,33,33,33,33,33,65,65,295
2009,"Animal Kingdom","Choice","Two Bedroom – Savannah",11/27/09,11/30/09,33,33,33,33,33,65,65,295
2009,"Animal Kingdom","Choice","Two Bedroom – Savannah",12/15/09,12/23/09,33,33,33,33,33,65,65,295
2009,"Animal Kingdom","Choice","Two Bedroom – Concierge",10/01/09,10/31/09,38,38,38,38,38,76,76,342
2009,"Animal Kingdom","Choice","Two Bedroom – Concierge",11/01/09,11/23/09,38,38,38,38,38,76,76,342
2009,"Animal Kingdom","Choice","Two Bedroom – Concierge",11/27/09,11/30/09,38,38,38,38,38,76,76,342
2009,"Animal Kingdom","Choice","Two Bedroom – Concierge",12/15/09,12/23/09,38,38,38,38,38,76,76,342
2009,"Animal Kingdom","Choice","Grand Villa",10/01/09,10/31/09,73,73,73,73,73,88,88,541
2009,"Animal Kingdom","Choice","Grand Villa",11/01/09,11/23/09,73,73,73,73,73,88,88,541
2009,"Animal Kingdom","Choice","Grand Villa",11/27/09,11/30/09,73,73,73,73,73,88,88,541
2009,"Animal Kingdom","Choice","Grand Villa",12/15/09,12/23/09,73,73,73,73,73,88,88,541
2009,"Animal Kingdom","Dream","Studio – Value",02/01/09,02/15/09,9,9,9,9,9,19,19,83
2009,"Animal Kingdom","Dream","Studio – Value",05/01/09,05/31/09,9,9,9,9,9,19,19,83
2009,"Animal Kingdom","Dream","Studio – Value",06/01/09,06/10/09,9,9,9,9,9,19,19,83
2009,"Animal Kingdom","Dream","Studio – Value",08/16/09,08/31/09,9,9,9,9,9,19,19,83
2009,"Animal Kingdom","Dream","Studio – Standard",02/01/09,02/15/09,11,11,11,11,11,22,22,99
2009,"Animal Kingdom","Dream","Studio – Standard",05/01/09,05/31/09,11,11,11,11,11,22,22,99
2009,"Animal Kingdom","Dream","Studio – Standard",06/01/09,06/10/09,11,11,11,11,11,22,22,99
2009,"Animal Kingdom","Dream","Studio – Standard",08/16/09,08/31/09,11,11,11,11,11,22,22,99
2009,"Animal Kingdom","Dream","Studio – Savannah",02/01/09,02/15/09,13,13,13,13,13,26,26,117
2009,"Animal Kingdom","Dream","Studio – Savannah",05/01/09,05/31/09,13,13,13,13,13,26,26,117
2009,"Animal Kingdom","Dream","Studio – Savannah",06/01/09,06/10/09,13,13,13,13,13,26,26,117
2009,"Animal Kingdom","Dream","Studio – Savannah",08/16/09,08/31/09,13,13,13,13,13,26,26,117
2009,"Animal Kingdom","Dream","Studio – Concierge",02/01/09,02/15/09,15,15,15,15,15,31,31,137
2009,"Animal Kingdom","Dream","Studio – Concierge",05/01/09,05/31/09,15,15,15,15,15,31,31,137
2009,"Animal Kingdom","Dream","Studio – Concierge",06/01/09,06/10/09,15,15,15,15,15,31,31,137
2009,"Animal Kingdom","Dream","Studio – Concierge",08/16/09,08/31/09,15,15,15,15,15,31,31,137
2009,"Animal Kingdom","Dream","One Bedroom – Value",02/01/09,02/15/09,19,19,19,19,19,37,37,169
2009,"Animal Kingdom","Dream","One Bedroom – Value",05/01/09,05/31/09,19,19,19,19,19,37,37,169
2009,"Animal Kingdom","Dream","One Bedroom – Value",06/01/09,06/10/09,19,19,19,19,19,37,37,169
2009,"Animal Kingdom","Dream","One Bedroom – Value",08/16/09,08/31/09,19,19,19,19,19,37,37,169
2009,"Animal Kingdom","Dream","One Bedroom – Standard",02/01/09,02/15/09,22,22,22,22,22,44,44,198
2009,"Animal Kingdom","Dream","One Bedroom – Standard",05/01/09,05/31/09,22,22,22,22,22,44,44,198
2009,"Animal Kingdom","Dream","One Bedroom – Standard",06/01/09,06/10/09,22,22,22,22,22,44,44,198
2009,"Animal Kingdom","Dream","One Bedroom – Standard",08/16/09,08/31/09,22,22,22,22,22,44,44,198
2009,"Animal Kingdom","Dream","One Bedroom – Savannah",02/01/09,02/15/09,26,26,26,26,26,52,52,234
2009,"Animal Kingdom","Dream","One Bedroom – Savannah",05/01/09,05/31/09,26,26,26,26,26,52,52,234
2009,"Animal Kingdom","Dream","One Bedroom – Savannah",06/01/09,06/10/09,26,26,26,26,26,52,52,234
2009,"Animal Kingdom","Dream","One Bedroom – Savannah",08/16/09,08/31/09,26,26,26,26,26,52,52,234
2009,"Animal Kingdom","Dream","One Bedroom – Concierge",02/01/09,02/15/09,31,31,31,31,31,61,61,277
2009,"Animal Kingdom","Dream","One Bedroom – Concierge",05/01/09,05/31/09,31,31,31,31,31,61,61,277
2009,"Animal Kingdom","Dream","One Bedroom – Concierge",06/01/09,06/10/09,31,31,31,31,31,61,61,277
2009,"Animal Kingdom","Dream","One Bedroom – Concierge",08/16/09,08/31/09,31,31,31,31,31,61,61,277
2009,"Animal Kingdom","Dream","Two Bedroom – Value",02/01/09,02/15/09,25,25,25,25,25,50,50,225
2009,"Animal Kingdom","Dream","Two Bedroom – Value",05/01/09,05/31/09,25,25,25,25,25,50,50,225
2009,"Animal Kingdom","Dream","Two Bedroom – Value",06/01/09,06/10/09,25,25,25,25,25,50,50,225
2009,"Animal Kingdom","Dream","Two Bedroom – Value",08/16/09,08/31/09,25,25,25,25,25,50,50,225
2009,"Animal Kingdom","Dream","Two Bedroom – Standard",02/01/09,02/15/09,27,27,27,27,27,57,57,249
2009,"Animal Kingdom","Dream","Two Bedroom – Standard",05/01/09,05/31/09,27,27,27,27,27,57,57,249
2009,"Animal Kingdom","Dream","Two Bedroom – Standard",06/01/09,06/10/09,27,27,27,27,27,57,57,249
2009,"Animal Kingdom","Dream","Two Bedroom – Standard",08/16/09,08/31/09,27,27,27,27,27,57,57,249
2009,"Animal Kingdom","Dream","Two Bedroom – Savannah",02/01/09,02/15/09,35,35,35,35,35,70,70,315
2009,"Animal Kingdom","Dream","Two Bedroom – Savannah",05/01/09,05/31/09,35,35,35,35,35,70,70,315
2009,"Animal Kingdom","Dream","Two Bedroom – Savannah",06/01/09,06/10/09,35,35,35,35,35,70,70,315
2009,"Animal Kingdom","Dream","Two Bedroom – Savannah",08/16/09,08/31/09,35,35,35,35,35,70,70,315
2009,"Animal Kingdom","Dream","Two Bedroom – Concierge",02/01/09,02/15/09,42,42,42,42,42,83,83,376
2009,"Animal Kingdom","Dream","Two Bedroom – Concierge",05/01/09,05/31/09,42,42,42,42,42,83,83,376
2009,"Animal Kingdom","Dream","Two Bedroom – Concierge",06/01/09,06/10/09,42,42,42,42,42,83,83,376
2009,"Animal Kingdom","Dream","Two Bedroom – Concierge",08/16/09,08/31/09,42,42,42,42,42,83,83,376
2009,"Animal Kingdom","Dream","Grand Villa",02/01/09,02/15/09,81,81,81,81,81,108,108,621
2009,"Animal Kingdom","Dream","Grand Villa",05/01/09,05/31/09,81,81,81,81,81,108,108,621
2009,"Animal Kingdom","Dream","Grand Villa",06/01/09,06/10/09,81,81,81,81,81,108,108,621
2009,"Animal Kingdom","Dream","Grand Villa",08/16/09,08/31/09,81,81,81,81,81,108,108,621
2009,"Animal Kingdom","Magic","Studio – Value",02/16/09,02/28/09,11,11,11,11,11,21,21,97
2009,"Animal Kingdom","Magic","Studio – Value",03/01/09,03/27/09,11,11,11,11,11,21,21,97
2009,"Animal Kingdom","Magic","Studio – Value",04/11/09,04/30/09,11,11,11,11,11,21,21,97
2009,"Animal Kingdom","Magic","Studio – Value",06/11/09,06/30/09,11,11,11,11,11,21,21,97
2009,"Animal Kingdom","Magic","Studio – Value",07/01/09,07/31/09,11,11,11,11,11,21,21,97
2009,"Animal Kingdom","Magic","Studio – Value",08/01/09,08/15/09,11,11,11,11,11,21,21,97
2009,"Animal Kingdom","Magic","Studio – Value",11/24/09,11/26/09,11,11,11,11,11,21,21,97
2009,"Animal Kingdom","Magic","Studio – Standard",02/16/09,02/28/09,12,12,12,12,12,25,25,110
2009,"Animal Kingdom","Magic","Studio – Standard",03/01/09,03/27/09,12,12,12,12,12,25,25,110
2009,"Animal Kingdom","Magic","Studio – Standard",04/11/09,04/30/09,12,12,12,12,12,25,25,110
2009,"Animal Kingdom","Magic","Studio – Standard",06/11/09,06/30/09,12,12,12,12,12,25,25,110
2009,"Animal Kingdom","Magic","Studio – Standard",07/01/09,07/31/09,12,12,12,12,12,25,25,110
2009,"Animal Kingdom","Magic","Studio – Standard",08/01/09,08/15/09,12,12,12,12,12,25,25,110
2009,"Animal Kingdom","Magic","Studio – Standard",11/24/09,11/26/09,12,12,12,12,12,25,25,110
2009,"Animal Kingdom","Magic","Studio – Savannah",02/16/09,02/28/09,15,15,15,15,15,30,30,135
2009,"Animal Kingdom","Magic","Studio – Savannah",03/01/09,03/27/09,15,15,15,15,15,30,30,135
2009,"Animal Kingdom","Magic","Studio – Savannah",04/11/09,04/30/09,15,15,15,15,15,30,30,135
2009,"Animal Kingdom","Magic","Studio – Savannah",06/11/09,06/30/09,15,15,15,15,15,30,30,135
2009,"Animal Kingdom","Magic","Studio – Savannah",07/01/09,07/31/09,15,15,15,15,15,30,30,135
2009,"Animal Kingdom","Magic","Studio – Savannah",08/01/09,08/15/09,15,15,15,15,15,30,30,135
2009,"Animal Kingdom","Magic","Studio – Savannah",11/24/09,11/26/09,15,15,15,15,15,30,30,135
2009,"Animal Kingdom","Magic","Studio – Concierge",02/16/09,02/28/09,17,17,17,17,17,35,35,155
2009,"Animal Kingdom","Magic","Studio – Concierge",03/01/09,03/27/09,17,17,17,17,17,35,35,155
2009,"Animal Kingdom","Magic","Studio – Concierge",04/11/09,04/30/09,17,17,17,17,17,35,35,155
2009,"Animal Kingdom","Magic","Studio – Concierge",06/11/09,06/30/09,17,17,17,17,17,35,35,155
2009,"Animal Kingdom","Magic","Studio – Concierge",07/01/09,07/31/09,17,17,17,17,17,35,35,155
2009,"Animal Kingdom","Magic","Studio – Concierge",08/01/09,08/15/09,17,17,17,17,17,35,35,155
2009,"Animal Kingdom","Magic","Studio – Concierge",11/24/09,11/26/09,17,17,17,17,17,35,35,155
2009,"Animal Kingdom","Magic","One Bedroom – Value",02/16/09,02/28/09,21,21,21,21,21,42,42,189
2009,"Animal Kingdom","Magic","One Bedroom – Value",03/01/09,03/27/09,21,21,21,21,21,42,42,189
2009,"Animal Kingdom","Magic","One Bedroom – Value",04/11/09,04/30/09,21,21,21,21,21,42,42,189
2009,"Animal Kingdom","Magic","One Bedroom – Value",06/11/09,06/30/09,21,21,21,21,21,42,42,189
2009,"Animal Kingdom","Magic","One Bedroom – Value",07/01/09,07/31/09,21,21,21,21,21,42,42,189
2009,"Animal Kingdom","Magic","One Bedroom – Value",08/01/09,08/15/09,21,21,21,21,21,42,42,189
2009,"Animal Kingdom","Magic","One Bedroom – Value",11/24/09,11/26/09,21,21,21,21,21,42,42,189
2009,"Animal Kingdom","Magic","One Bedroom – Standard",02/16/09,02/28/09,25,25,25,25,25,50,50,225
2009,"Animal Kingdom","Magic","One Bedroom – Standard",03/01/09,03/27/09,25,25,25,25,25,50,50,225
2009,"Animal Kingdom","Magic","One Bedroom – Standard",04/11/09,04/30/09,25,25,25,25,25,50,50,225
2009,"Animal Kingdom","Magic","One Bedroom – Standard",06/11/09,06/30/09,25,25,25,25,25,50,50,225
2009,"Animal Kingdom","Magic","One Bedroom – Standard",07/01/09,07/31/09,25,25,25,25,25,50,50,225
2009,"Animal Kingdom","Magic","One Bedroom – Standard",08/01/09,08/15/09,25,25,25,25,25,50,50,225
2009,"Animal Kingdom","Magic","One Bedroom – Standard",11/24/09,11/26/09,25,25,25,25,25,50,50,225
2009,"Animal Kingdom","Magic","One Bedroom – Savannah",02/16/09,02/28/09,30,30,30,30,30,59,59,268
2009,"Animal Kingdom","Magic","One Bedroom – Savannah",03/01/09,03/27/09,30,30,30,30,30,59,59,268
2009,"Animal Kingdom","Magic","One Bedroom – Savannah",04/11/09,04/30/09,30,30,30,30,30,59,59,268
2009,"Animal Kingdom","Magic","One Bedroom – Savannah",06/11/09,06/30/09,30,30,30,30,30,59,59,268
2009,"Animal Kingdom","Magic","One Bedroom – Savannah",07/01/09,07/31/09,30,30,30,30,30,59,59,268
2009,"Animal Kingdom","Magic","One Bedroom – Savannah",08/01/09,08/15/09,30,30,30,30,30,59,59,268
2009,"Animal Kingdom","Magic","One Bedroom – Savannah",11/24/09,11/26/09,30,30,30,30,30,59,59,268
2009,"Animal Kingdom","Magic","One Bedroom – Concierge",02/16/09,02/28/09,35,35,35,35,35,69,69,313
2009,"Animal Kingdom","Magic","One Bedroom – Concierge",03/01/09,03/27/09,35,35,35,35,35,69,69,313
2009,"Animal Kingdom","Magic","One Bedroom – Concierge",04/11/09,04/30/09,35,35,35,35,35,69,69,313
2009,"Animal Kingdom","Magic","One Bedroom – Concierge",06/11/09,06/30/09,35,35,35,35,35,69,69,313
2009,"Animal Kingdom","Magic","One Bedroom – Concierge",07/01/09,07/31/09,35,35,35,35,35,69,69,313
2009,"Animal Kingdom","Magic","One Bedroom – Concierge",08/01/09,08/15/09,35,35,35,35,35,69,69,313
2009,"Animal Kingdom","Magic","One Bedroom – Concierge",11/24/09,11/26/09,35,35,35,35,35,69,69,313
2009,"Animal Kingdom","Magic","Two Bedroom – Value",02/16/09,02/28/09,28,28,28,28,28,58,58,256
2009,"Animal Kingdom","Magic","Two Bedroom – Value",03/01/09,03/27/09,28,28,28,28,28,58,58,256
2009,"Animal Kingdom","Magic","Two Bedroom – Value",04/11/09,04/30/09,28,28,28,28,28,58,58,256
2009,"Animal Kingdom","Magic","Two Bedroom – Value",06/11/09,06/30/09,28,28,28,28,28,58,58,256
2009,"Animal Kingdom","Magic","Two Bedroom – Value",07/01/09,07/31/09,28,28,28,28,28,58,58,256
2009,"Animal Kingdom","Magic","Two Bedroom – Value",08/01/09,08/15/09,28,28,28,28,28,58,58,256
2009,"Animal Kingdom","Magic","Two Bedroom – Value",11/24/09,11/26/09,28,28,28,28,28,58,58,256
2009,"Animal Kingdom","Magic","Two Bedroom – Standard",02/16/09,02/28/09,31,31,31,31,31,64,64,283
2009,"Animal Kingdom","Magic","Two Bedroom – Standard",03/01/09,03/27/09,31,31,31,31,31,64,64,283
2009,"Animal Kingdom","Magic","Two Bedroom – Standard",04/11/09,04/30/09,31,31,31,31,31,64,64,283
2009,"Animal Kingdom","Magic","Two Bedroom – Standard",06/11/09,06/30/09,31,31,31,31,31,64,64,283
2009,"Animal Kingdom","Magic","Two Bedroom – Standard",07/01/09,07/31/09,31,31,31,31,31,64,64,283
2009,"Animal Kingdom","Magic","Two Bedroom – Standard",08/01/09,08/15/09,31,31,31,31,31,64,64,283
2009,"Animal Kingdom","Magic","Two Bedroom – Standard",11/24/09,11/26/09,31,31,31,31,31,64,64,283
2009,"Animal Kingdom","Magic","Two Bedroom – Savannah",02/16/09,02/28/09,40,40,40,40,40,80,80,360
2009,"Animal Kingdom","Magic","Two Bedroom – Savannah",03/01/09,03/27/09,40,40,40,40,40,80,80,360
2009,"Animal Kingdom","Magic","Two Bedroom – Savannah",04/11/09,04/30/09,40,40,40,40,40,80,80,360
2009,"Animal Kingdom","Magic","Two Bedroom – Savannah",06/11/09,06/30/09,40,40,40,40,40,80,80,360
2009,"Animal Kingdom","Magic","Two Bedroom – Savannah",07/01/09,07/31/09,40,40,40,40,40,80,80,360
2009,"Animal Kingdom","Magic","Two Bedroom – Savannah",08/01/09,08/15/09,40,40,40,40,40,80,80,360
2009,"Animal Kingdom","Magic","Two Bedroom – Savannah",11/24/09,11/26/09,40,40,40,40,40,80,80,360
2009,"Animal Kingdom","Magic","Two Bedroom – Concierge",02/16/09,02/28/09,47,47,47,47,47,94,94,423
2009,"Animal Kingdom","Magic","Two Bedroom – Concierge",03/01/09,03/27/09,47,47,47,47,47,94,94,423
2009,"Animal Kingdom","Magic","Two Bedroom – Concierge",04/11/09,04/30/09,47,47,47,47,47,94,94,423
2009,"Animal Kingdom","Magic","Two Bedroom – Concierge",06/11/09,06/30/09,47,47,47,47,47,94,94,423
2009,"Animal Kingdom","Magic","Two Bedroom – Concierge",07/01/09,07/31/09,47,47,47,47,47,94,94,423
2009,"Animal Kingdom","Magic","Two Bedroom – Concierge",08/01/09,08/15/09,47,47,47,47,47,94,94,423
2009,"Animal Kingdom","Magic","Two Bedroom – Concierge",11/24/09,11/26/09,47,47,47,47,47,94,94,423
2009,"Animal Kingdom","Magic","Grand Villa",02/16/09,02/28/09,99,99,99,99,99,120,120,735
2009,"Animal Kingdom","Magic","Grand Villa",03/01/09,03/27/09,99,99,99,99,99,120,120,735
2009,"Animal Kingdom","Magic","Grand Villa",04/11/09,04/30/09,99,99,99,99,99,120,120,735
2009,"Animal Kingdom","Magic","Grand Villa",06/11/09,06/30/09,99,99,99,99,99,120,120,735
2009,"Animal Kingdom","Magic","Grand Villa",07/01/09,07/31/09,99,99,99,99,99,120,120,735
2009,"Animal Kingdom","Magic","Grand Villa",08/01/09,08/15/09,99,99,99,99,99,120,120,735
2009,"Animal Kingdom","Magic","Grand Villa",11/24/09,11/26/09,99,99,99,99,99,120,120,735
2009,"Animal Kingdom","Magic","Studio – Value",03/28/09,03/31/09,14,14,14,14,14,27,27,124
2009,"Animal Kingdom","Magic","Studio – Value",04/01/09,04/10/09,14,14,14,14,14,27,27,124
2009,"Animal Kingdom","Magic","Studio – Value",12/24/09,12/31/09,14,14,14,14,14,27,27,124
2009,"Animal Kingdom","Magic","Studio – Standard",03/28/09,03/31/09,16,16,16,16,16,32,32,144
2009,"Animal Kingdom","Magic","Studio – Standard",04/01/09,04/10/09,16,16,16,16,16,32,32,144
2009,"Animal Kingdom","Magic","Studio – Standard",12/24/09,12/31/09,16,16,16,16,16,32,32,144
2009,"Animal Kingdom","Magic","Studio – Savannah",03/28/09,03/31/09,20,20,20,20,20,40,40,180
2009,"Animal Kingdom","Magic","Studio – Savannah",04/01/09,04/10/09,20,20,20,20,20,40,40,180
2009,"Animal Kingdom","Magic","Studio – Savannah",12/24/09,12/31/09,20,20,20,20,20,40,40,180
2009,"Animal Kingdom","Magic","Studio – Concierge",03/28/09,03/31/09,23,23,23,23,23,45,45,205
2009,"Animal Kingdom","Magic","Studio – Concierge",04/01/09,04/10/09,23,23,23,23,23,45,45,205
2009,"Animal Kingdom","Magic","Studio – Concierge",12/24/09,12/31/09,23,23,23,23,23,45,45,205
2009,"Animal Kingdom","Magic","One Bedroom – Value",03/28/09,03/31/09,27,27,27,27,27,55,55,245
2009,"Animal Kingdom","Magic","One Bedroom – Value",04/01/09,04/10/09,27,27,27,27,27,55,55,245
2009,"Animal Kingdom","Magic","One Bedroom – Value",12/24/09,12/31/09,27,27,27,27,27,55,55,245
2009,"Animal Kingdom","Magic","One Bedroom – Standard",03/28/09,03/31/09,32,32,32,32,32,65,65,290
2009,"Animal Kingdom","Magic","One Bedroom – Standard",04/01/09,04/10/09,32,32,32,32,32,65,65,290
2009,"Animal Kingdom","Magic","One Bedroom – Standard",12/24/09,12/31/09,32,32,32,32,32,65,65,290
2009,"Animal Kingdom","Magic","One Bedroom – Savannah",03/28/09,03/31/09,39,39,39,39,39,77,77,349
2009,"Animal Kingdom","Magic","One Bedroom – Savannah",04/01/09,04/10/09,39,39,39,39,39,77,77,349
2009,"Animal Kingdom","Magic","One Bedroom – Savannah",12/24/09,12/31/09,39,39,39,39,39,77,77,349
2009,"Animal Kingdom","Magic","One Bedroom – Concierge",03/28/09,03/31/09,45,45,45,45,45,90,90,405
2009,"Animal Kingdom","Magic","One Bedroom – Concierge",04/01/09,04/10/09,45,45,45,45,45,90,90,405
2009,"Animal Kingdom","Magic","One Bedroom – Concierge",12/24/09,12/31/09,45,45,45,45,45,90,90,405
2009,"Animal Kingdom","Magic","Two Bedroom – Value",03/28/09,03/31/09,37,37,37,37,37,75,75,335
2009,"Animal Kingdom","Magic","Two Bedroom – Value",04/01/09,04/10/09,37,37,37,37,37,75,75,335
2009,"Animal Kingdom","Magic","Two Bedroom – Value",12/24/09,12/31/09,37,37,37,37,37,75,75,335
2009,"Animal Kingdom","Magic","Two Bedroom – Standard",03/28/09,03/31/09,41,41,41,41,41,85,85,375
2009,"Animal Kingdom","Magic","Two Bedroom – Standard",04/01/09,04/10/09,41,41,41,41,41,85,85,375
2009,"Animal Kingdom","Magic","Two Bedroom – Standard",12/24/09,12/31/09,41,41,41,41,41,85,85,375
2009,"Animal Kingdom","Magic","Two Bedroom – Savannah",03/28/09,03/31/09,53,53,53,53,53,104,104,473
2009,"Animal Kingdom","Magic","Two Bedroom – Savannah",04/01/09,04/10/09,53,53,53,53,53,104,104,473
2009,"Animal Kingdom","Magic","Two Bedroom – Savannah",12/24/09,12/31/09,53,53,53,53,53,104,104,473
2009,"Animal Kingdom","Magic","Two Bedroom – Concierge",03/28/09,03/31/09,61,61,61,61,61,122,122,549
2009,"Animal Kingdom","Magic","Two Bedroom – Concierge",04/01/09,04/10/09,61,61,61,61,61,122,122,549
2009,"Animal Kingdom","Magic","Two Bedroom – Concierge",12/24/09,12/31/09,61,61,61,61,61,122,122,549
2009,"Animal Kingdom","Magic","Grand Villa",03/28/09,03/31/09,120,120,120,120,120,145,145,890
2009,"Animal Kingdom","Magic","Grand Villa",04/01/09,04/10/09,120,120,120,120,120,145,145,890
2009,"Animal Kingdom","Magic","Grand Villa",12/24/09,12/31/09,120,120,120,120,120,145,145,890
2009,"Bay Lake Tower","Adventure","Studio – Standard",01/01/09,01/31/09,12,12,12,12,12,21,21,102
2009,"Bay Lake Tower","Adventure","Studio – Standard",09/01/09,09/30/09,12,12,12,12,12,21,21,102
2009,"Bay Lake Tower","Adventure","Studio – Standard",12/01/09,12/14/09,12,12,12,12,12,21,21,102
2009,"Bay Lake Tower","Adventure","Studio – Lake",01/01/09,01/31/09,15,15,15,15,15,23,23,121
2009,"Bay Lake Tower","Adventure","Studio – Lake",09/01/09,09/30/09,15,15,15,15,15,23,23,121
2009,"Bay Lake Tower","Adventure","Studio – Lake",12/01/09,12/14/09,15,15,15,15,15,23,23,121
2009,"Bay Lake Tower","Adventure","Studio – Magic Kingdom",01/01/09,01/31/09,17,17,17,17,17,27,27,139
2009,"Bay Lake Tower","Adventure","Studio – Magic Kingdom",09/01/09,09/30/09,17,17,17,17,17,27,27,139
2009,"Bay Lake Tower","Adventure","Studio – Magic Kingdom",12/01/09,12/14/09,17,17,17,17,17,27,27,139
2009,"Bay Lake Tower","Adventure","One Bedroom – Standard",01/01/09,01/31/09,24,24,24,24,24,41,41,202
2009,"Bay Lake Tower","Adventure","One Bedroom – Standard",09/01/09,09/30/09,24,24,24,24,24,41,41,202
2009,"Bay Lake Tower","Adventure","One Bedroom – Standard",12/01/09,12/14/09,24,24,24,24,24,41,41,202
2009,"Bay Lake Tower","Adventure","One Bedroom – Lake",01/01/09,01/31/09,27,27,27,27,27,44,44,223
2009,"Bay Lake Tower","Adventure","One Bedroom – Lake",09/01/09,09/30/09,27,27,27,27,27,44,44,223
2009,"Bay Lake Tower","Adventure","One Bedroom – Lake",12/01/09,12/14/09,27,27,27,27,27,44,44,223
2009,"Bay Lake Tower","Adventure","One Bedroom – Magic Kingdom",01/01/09,01/31/09,32,32,32,32,32,55,55,270
2009,"Bay Lake Tower","Adventure","One Bedroom – Magic Kingdom",09/01/09,09/30/09,32,32,32,32,32,55,55,270
2009,"Bay Lake Tower","Adventure","One Bedroom – Magic Kingdom",12/01/09,12/14/09,32,32,32,32,32,55,55,270
2009,"Bay Lake Tower","Adventure","Two Bedroom – Standard",01/01/09,01/31/09,32,32,32,32,32,55,55,270
2009,"Bay Lake Tower","Adventure","Two Bedroom – Standard",09/01/09,09/30/09,32,32,32,32,32,55,55,270
2009,"Bay Lake Tower","Adventure","Two Bedroom – Standard",12/01/09,12/14/09,32,32,32,32,32,55,55,270
2009,"Bay Lake Tower","Adventure","Two Bedroom – Lake",01/01/09,01/31/09,36,36,36,36,36,59,59,298
2009,"Bay Lake Tower","Adventure","Two Bedroom – Lake",09/01/09,09/30/09,36,36,36,36,36,59,59,298
2009,"Bay Lake Tower","Adventure","Two Bedroom – Lake",12/01/09,12/14/09,36,36,36,36,36,59,59,298
2009,"Bay Lake Tower","Adventure","Two Bedroom – Magic Kingdom",01/01/09,01/31/09,44,44,44,44,44,70,70,360
2009,"Bay Lake Tower","Adventure","Two Bedroom – Magic Kingdom",09/01/09,09/30/09,44,44,44,44,44,70,70,360
2009,"Bay Lake Tower","Adventure","Two Bedroom – Magic Kingdom",12/01/09,12/14/09,44,44,44,44,44,70,70,360
2009,"Bay Lake Tower","Adventure","Grand Villa – Lake",01/01/09,01/31/09,73,73,73,73,73,127,127,619
2009,"Bay Lake Tower","Adventure","Grand Villa – Lake",09/01/09,09/30/09,73,73,73,73,73,127,127,619
2009,"Bay Lake Tower","Adventure","Grand Villa – Lake",12/01/09,12/14/09,73,73,73,73,73,127,127,619
2009,"Bay Lake Tower","Adventure","Grand Villa – Magic Kingdom",01/01/09,01/31/09,88,88,88,88,88,154,154,748
2009,"Bay Lake Tower","Adventure","Grand Villa – Magic Kingdom",09/01/09,09/30/09,88,88,88,88,88,154,154,748
2009,"Bay Lake Tower","Adventure","Grand Villa – Magic Kingdom",12/01/09,12/14/09,88,88,88,88,88,154,154,748
2009,"Bay Lake Tower","Choice","Studio – Standard",10/01/09,10/31/09,12,12,12,12,12,22,22,104
2009,"Bay Lake Tower","Choice","Studio – Standard",11/01/09,01/24/09,12,12,12,12,12,22,22,104
2009,"Bay Lake Tower","Choice","Studio – Standard",11/28/09,11/30/09,12,12,12,12,12,22,22,104
2009,"Bay Lake Tower","Choice","Studio – Standard",12/15/09,12/23/09,12,12,12,12,12,22,22,104
2009,"Bay Lake Tower","Choice","Studio – Lake",10/01/09,10/31/09,15,15,15,15,15,24,24,123
2009,"Bay Lake Tower","Choice","Studio – Lake",11/01/09,01/24/09,15,15,15,15,15,24,24,123
2009,"Bay Lake Tower","Choice","Studio – Lake",11/28/09,11/30/09,15,15,15,15,15,24,24,123
2009,"Bay Lake Tower","Choice","Studio – Lake",12/15/09,12/23/09,15,15,15,15,15,24,24,123
2009,"Bay Lake Tower","Choice","Studio – Magic Kingdom",10/01/09,10/31/09,18,18,18,18,18,28,28,146
2009,"Bay Lake Tower","Choice","Studio – Magic Kingdom",11/01/09,01/24/09,18,18,18,18,18,28,28,146
2009,"Bay Lake Tower","Choice","Studio – Magic Kingdom",11/28/09,11/30/09,18,18,18,18,18,28,28,146
2009,"Bay Lake Tower","Choice","Studio – Magic Kingdom",12/15/09,12/23/09,18,18,18,18,18,28,28,146
2009,"Bay Lake Tower","Choice","One Bedroom – Standard",10/01/09,10/31/09,26,26,26,26,26,43,43,216
2009,"Bay Lake Tower","Choice","One Bedroom – Standard",11/01/09,01/24/09,26,26,26,26,26,43,43,216
2009,"Bay Lake Tower","Choice","One Bedroom – Standard",11/28/09,11/30/09,26,26,26,26,26,43,43,216
2009,"Bay Lake Tower","Choice","One Bedroom – Standard",12/15/09,12/23/09,26,26,26,26,26,43,43,216
2009,"Bay Lake Tower","Choice","One Bedroom – Lake",10/01/09,10/31/09,28,28,28,28,28,49,49,238
2009,"Bay Lake Tower","Choice","One Bedroom – Lake",11/01/09,01/24/09,28,28,28,28,28,49,49,238
2009,"Bay Lake Tower","Choice","One Bedroom – Lake",11/28/09,11/30/09,28,28,28,28,28,49,49,238
2009,"Bay Lake Tower","Choice","One Bedroom – Lake",12/15/09,12/23/09,28,28,28,28,28,49,49,238
2009,"Bay Lake Tower","Choice","One Bedroom – Magic Kingdom",10/01/09,10/31/09,35,35,35,35,35,56,56,287
2009,"Bay Lake Tower","Choice","One Bedroom – Magic Kingdom",11/01/09,01/24/09,35,35,35,35,35,56,56,287
2009,"Bay Lake Tower","Choice","One Bedroom – Magic Kingdom",11/28/09,11/30/09,35,35,35,35,35,56,56,287
2009,"Bay Lake Tower","Choice","One Bedroom – Magic Kingdom",12/15/09,12/23/09,35,35,35,35,35,56,56,287
2009,"Bay Lake Tower","Choice","Two Bedroom – Standard",10/01/09,10/31/09,33,33,33,33,33,59,59,283
2009,"Bay Lake Tower","Choice","Two Bedroom – Standard",11/01/09,01/24/09,33,33,33,33,33,59,59,283
2009,"Bay Lake Tower","Choice","Two Bedroom – Standard",11/28/09,11/30/09,33,33,33,33,33,59,59,283
2009,"Bay Lake Tower","Choice","Two Bedroom – Standard",12/15/09,12/23/09,33,33,33,33,33,59,59,283
2009,"Bay Lake Tower","Choice","Two Bedroom – Lake",10/01/09,10/31/09,37,37,37,37,37,64,64,313
2009,"Bay Lake Tower","Choice","Two Bedroom – Lake",11/01/09,01/24/09,37,37,37,37,37,64,64,313
2009,"Bay Lake Tower","Choice","Two Bedroom – Lake",11/28/09,11/30/09,37,37,37,37,37,64,64,313
2009,"Bay Lake Tower","Choice","Two Bedroom – Lake",12/15/09,12/23/09,37,37,37,37,37,64,64,313
2009,"Bay Lake Tower","Choice","Two Bedroom – Magic Kingdom",10/01/09,10/31/09,46,46,46,46,46,74,74,378
2009,"Bay Lake Tower","Choice","Two Bedroom – Magic Kingdom",11/01/09,01/24/09,46,46,46,46,46,74,74,378
2009,"Bay Lake Tower","Choice","Two Bedroom – Magic Kingdom",11/28/09,11/30/09,46,46,46,46,46,74,74,378
2009,"Bay Lake Tower","Choice","Two Bedroom – Magic Kingdom",12/15/09,12/23/09,46,46,46,46,46,74,74,378
2009,"Bay Lake Tower","Choice","Grand Villa – Lake",10/01/09,10/31/09,78,78,78,78,78,128,128,646
2009,"Bay Lake Tower","Choice","Grand Villa – Lake",11/01/09,01/24/09,78,78,78,78,78,128,128,646
2009,"Bay Lake Tower","Choice","Grand Villa – Lake",11/28/09,11/30/09,78,78,78,78,78,128,128,646
2009,"Bay Lake Tower","Choice","Grand Villa – Lake",12/15/09,12/23/09,78,78,78,78,78,128,128,646
2009,"Bay Lake Tower","Choice","Grand Villa – Magic Kingdom",10/01/09,10/31/09,93,93,93,93,93,158,158,781
2009,"Bay Lake Tower","Choice","Grand Villa – Magic Kingdom",11/01/09,01/24/09,93,93,93,93,93,158,158,781
2009,"Bay Lake Tower","Choice","Grand Villa – Magic Kingdom",11/28/09,11/30/09,93,93,93,93,93,158,158,781
2009,"Bay Lake Tower","Choice","Grand Villa – Magic Kingdom",12/15/09,12/23/09,93,93,93,93,93,158,158,781
2009,"Bay Lake Tower","Dream","Studio – Standard",02/01/09,02/15/09,14,14,14,14,14,26,26,122
2009,"Bay Lake Tower","Dream","Studio – Standard",05/01/09,05/31/09,14,14,14,14,14,26,26,122
2009,"Bay Lake Tower","Dream","Studio – Standard",06/01/09,06/10/09,14,14,14,14,14,26,26,122
2009,"Bay Lake Tower","Dream","Studio – Standard",08/16/09,08/31/09,14,14,14,14,14,26,26,122
2009,"Bay Lake Tower","Dream","Studio – Magic Kingdom",02/01/09,02/15/09,17,17,17,17,17,27,27,139
2009,"Bay Lake Tower","Dream","Studio – Magic Kingdom",05/01/09,05/31/09,17,17,17,17,17,27,27,139
2009,"Bay Lake Tower","Dream","Studio – Magic Kingdom",06/01/09,06/10/09,17,17,17,17,17,27,27,139
2009,"Bay Lake Tower","Dream","Studio – Magic Kingdom",08/16/09,08/31/09,17,17,17,17,17,27,27,139
2009,"Bay Lake Tower","Dream","Studio – Lake",02/01/09,02/15/09,20,20,20,20,20,33,33,166
2009,"Bay Lake Tower","Dream","Studio – Lake",05/01/09,05/31/09,20,20,20,20,20,33,33,166
2009,"Bay Lake Tower","Dream","Studio – Lake",06/01/09,06/10/09,20,20,20,20,20,33,33,166
2009,"Bay Lake Tower","Dream","Studio – Lake",08/16/09,08/31/09,20,20,20,20,20,33,33,166
2009,"Bay Lake Tower","Dream","One Bedroom – Standard",02/01/09,02/15/09,30,30,30,30,30,50,50,250
2009,"Bay Lake Tower","Dream","One Bedroom – Standard",05/01/09,05/31/09,30,30,30,30,30,50,50,250
2009,"Bay Lake Tower","Dream","One Bedroom – Standard",06/01/09,06/10/09,30,30,30,30,30,50,50,250
2009,"Bay Lake Tower","Dream","One Bedroom – Standard",08/16/09,08/31/09,30,30,30,30,30,50,50,250
2009,"Bay Lake Tower","Dream","One Bedroom – Lake",02/01/09,02/15/09,34,34,34,34,34,53,53,276
2009,"Bay Lake Tower","Dream","One Bedroom – Lake",05/01/09,05/31/09,34,34,34,34,34,53,53,276
2009,"Bay Lake Tower","Dream","One Bedroom – Lake",06/01/09,06/10/09,34,34,34,34,34,53,53,276
2009,"Bay Lake Tower","Dream","One Bedroom – Lake",08/16/09,08/31/09,34,34,34,34,34,53,53,276
2009,"Bay Lake Tower","Dream","One Bedroom – Magic Kingdom",02/01/09,02/15/09,41,41,41,41,41,64,64,333
2009,"Bay Lake Tower","Dream","One Bedroom – Magic Kingdom",05/01/09,05/31/09,41,41,41,41,41,64,64,333
2009,"Bay Lake Tower","Dream","One Bedroom – Magic Kingdom",06/01/09,06/10/09,41,41,41,41,41,64,64,333
2009,"Bay Lake Tower","Dream","One Bedroom – Magic Kingdom",08/16/09,08/31/09,41,41,41,41,41,64,64,333
2009,"Bay Lake Tower","Dream","Two Bedroom – Standard",02/01/09,02/15/09,37,37,37,37,37,66,66,317
2009,"Bay Lake Tower","Dream","Two Bedroom – Standard",05/01/09,05/31/09,37,37,37,37,37,66,66,317
2009,"Bay Lake Tower","Dream","Two Bedroom – Standard",06/01/09,06/10/09,37,37,37,37,37,66,66,317
2009,"Bay Lake Tower","Dream","Two Bedroom – Standard",08/16/09,08/31/09,37,37,37,37,37,66,66,317
2009,"Bay Lake Tower","Dream","Two Bedroom – Lake",02/01/09,02/15/09,42,42,42,42,42,70,70,350
2009,"Bay Lake Tower","Dream","Two Bedroom – Lake",05/01/09,05/31/09,42,42,42,42,42,70,70,350
2009,"Bay Lake Tower","Dream","Two Bedroom – Lake",06/01/09,06/10/09,42,42,42,42,42,70,70,350
2009,"Bay Lake Tower","Dream","Two Bedroom – Lake",08/16/09,08/31/09,42,42,42,42,42,70,70,350
2009,"Bay Lake Tower","Dream","Two Bedroom – Magic Kingdom",02/01/09,02/15/09,50,50,50,50,50,86,86,422
2009,"Bay Lake Tower","Dream","Two Bedroom – Magic Kingdom",05/01/09,05/31/09,50,50,50,50,50,86,86,422
2009,"Bay Lake Tower","Dream","Two Bedroom – Magic Kingdom",06/01/09,06/10/09,50,50,50,50,50,86,86,422
2009,"Bay Lake Tower","Dream","Two Bedroom – Magic Kingdom",08/16/09,08/31/09,50,50,50,50,50,86,86,422
2009,"Bay Lake Tower","Dream","Grand Villa – Lake",02/01/09,02/15/09,88,88,88,88,88,152,152,744
2009,"Bay Lake Tower","Dream","Grand Villa – Lake",05/01/09,05/31/09,88,88,88,88,88,152,152,744
2009,"Bay Lake Tower","Dream","Grand Villa – Lake",06/01/09,06/10/09,88,88,88,88,88,152,152,744
2009,"Bay Lake Tower","Dream","Grand Villa – Lake",08/16/09,08/31/09,88,88,88,88,88,152,152,744
2009,"Bay Lake Tower","Dream","Grand Villa – Magic Kingdom",02/01/09,02/15/09,107,107,107,107,107,182,182,899
2009,"Bay Lake Tower","Dream","Grand Villa – Magic Kingdom",05/01/09,05/31/09,107,107,107,107,107,182,182,899
2009,"Bay Lake Tower","Dream","Grand Villa – Magic Kingdom",06/01/09,06/10/09,107,107,107,107,107,182,182,899
2009,"Bay Lake Tower","Dream","Grand Villa – Magic Kingdom",08/16/09,08/31/09,107,107,107,107,107,182,182,899
2009,"Bay Lake Tower","Magic","Studio – Standard",02/16/09,02/28/09,17,17,17,17,17,26,26,137
2009,"Bay Lake Tower","Magic","Studio – Standard",03/01/09,03/31/09,17,17,17,17,17,26,26,137
2009,"Bay Lake Tower","Magic","Studio – Standard",04/01/09,04/04/09,17,17,17,17,17,26,26,137
2009,"Bay Lake Tower","Magic","Studio – Standard",04/19/09,04/30/09,17,17,17,17,17,26,26,137
2009,"Bay Lake Tower","Magic","Studio – Standard",06/11/09,06/30/09,17,17,17,17,17,26,26,137
2009,"Bay Lake Tower","Magic","Studio – Standard",07/01/09,07/31/09,17,17,17,17,17,26,26,137
2009,"Bay Lake Tower","Magic","Studio – Standard",08/01/09,08/15/09,17,17,17,17,17,26,26,137
2009,"Bay Lake Tower","Magic","Studio – Standard",11/25/09,11/27/09,17,17,17,17,17,26,26,137
2009,"Bay Lake Tower","Magic","Studio – Lake",02/16/09,02/28/09,19,19,19,19,19,28,28,151
2009,"Bay Lake Tower","Magic","Studio – Lake",03/01/09,03/31/09,19,19,19,19,19,28,28,151
2009,"Bay Lake Tower","Magic","Studio – Lake",04/01/09,04/04/09,19,19,19,19,19,28,28,151
2009,"Bay Lake Tower","Magic","Studio – Lake",04/19/09,04/30/09,19,19,19,19,19,28,28,151
2009,"Bay Lake Tower","Magic","Studio – Lake",06/11/09,06/30/09,19,19,19,19,19,28,28,151
2009,"Bay Lake Tower","Magic","Studio – Lake",07/01/09,07/31/09,19,19,19,19,19,28,28,151
2009,"Bay Lake Tower","Magic","Studio – Lake",08/01/09,08/15/09,19,19,19,19,19,28,28,151
2009,"Bay Lake Tower","Magic","Studio – Lake",11/25/09,11/27/09,19,19,19,19,19,28,28,151
2009,"Bay Lake Tower","Magic","Studio – Magic Kingdom",02/16/09,02/28/09,22,22,22,22,22,36,36,182
2009,"Bay Lake Tower","Magic","Studio – Magic Kingdom",03/01/09,03/31/09,22,22,22,22,22,36,36,182
2009,"Bay Lake Tower","Magic","Studio – Magic Kingdom",04/01/09,04/04/09,22,22,22,22,22,36,36,182
2009,"Bay Lake Tower","Magic","Studio – Magic Kingdom",04/19/09,04/30/09,22,22,22,22,22,36,36,182
2009,"Bay Lake Tower","Magic","Studio – Magic Kingdom",06/11/09,06/30/09,22,22,22,22,22,36,36,182
2009,"Bay Lake Tower","Magic","Studio – Magic Kingdom",07/01/09,07/31/09,22,22,22,22,22,36,36,182
2009,"Bay Lake Tower","Magic","Studio – Magic Kingdom",08/01/09,08/15/09,22,22,22,22,22,36,36,182
2009,"Bay Lake Tower","Magic","Studio – Magic Kingdom",11/25/09,11/27/09,22,22,22,22,22,36,36,182
2009,"Bay Lake Tower","Magic","One Bedroom – Standard",02/16/09,02/28/09,32,32,32,32,32,55,55,270
2009,"Bay Lake Tower","Magic","One Bedroom – Standard",03/01/09,03/31/09,32,32,32,32,32,55,55,270
2009,"Bay Lake Tower","Magic","One Bedroom – Standard",04/01/09,04/04/09,32,32,32,32,32,55,55,270
2009,"Bay Lake Tower","Magic","One Bedroom – Standard",04/19/09,04/30/09,32,32,32,32,32,55,55,270
2009,"Bay Lake Tower","Magic","One Bedroom – Standard",06/11/09,06/30/09,32,32,32,32,32,55,55,270
2009,"Bay Lake Tower","Magic","One Bedroom – Standard",07/01/09,07/31/09,32,32,32,32,32,55,55,270
2009,"Bay Lake Tower","Magic","One Bedroom – Standard",08/01/09,08/15/09,32,32,32,32,32,55,55,270
2009,"Bay Lake Tower","Magic","One Bedroom – Standard",11/25/09,11/27/09,32,32,32,32,32,55,55,270
2009,"Bay Lake Tower","Magic","One Bedroom – Lake",02/16/09,02/28/09,36,36,36,36,36,59,59,298
2009,"Bay Lake Tower","Magic","One Bedroom – Lake",03/01/09,03/31/09,36,36,36,36,36,59,59,298
2009,"Bay Lake Tower","Magic","One Bedroom – Lake",04/01/09,04/04/09,36,36,36,36,36,59,59,298
2009,"Bay Lake Tower","Magic","One Bedroom – Lake",04/19/09,04/30/09,36,36,36,36,36,59,59,298
2009,"Bay Lake Tower","Magic","One Bedroom – Lake",06/11/09,06/30/09,36,36,36,36,36,59,59,298
2009,"Bay Lake Tower","Magic","One Bedroom – Lake",07/01/09,07/31/09,36,36,36,36,36,59,59,298
2009,"Bay Lake Tower","Magic","One Bedroom – Lake",08/01/09,08/15/09,36,36,36,36,36,59,59,298
2009,"Bay Lake Tower","Magic","One Bedroom – Lake",11/25/09,11/27/09,36,36,36,36,36,59,59,298
2009,"Bay Lake Tower","Magic","One Bedroom – Magic Kingdom",02/16/09,02/28/09,44,44,44,44,44,70,70,360
2009,"Bay Lake Tower","Magic","One Bedroom – Magic Kingdom",03/01/09,03/31/09,44,44,44,44,44,70,70,360
2009,"Bay Lake Tower","Magic","One Bedroom – Magic Kingdom",04/01/09,04/04/09,44,44,44,44,44,70,70,360
2009,"Bay Lake Tower","Magic","One Bedroom – Magic Kingdom",04/19/09,04/30/09,44,44,44,44,44,70,70,360
2009,"Bay Lake Tower","Magic","One Bedroom – Magic Kingdom",06/11/09,06/30/09,44,44,44,44,44,70,70,360
2009,"Bay Lake Tower","Magic","One Bedroom – Magic Kingdom",07/01/09,07/31/09,44,44,44,44,44,70,70,360
2009,"Bay Lake Tower","Magic","One Bedroom – Magic Kingdom",08/01/09,08/15/09,44,44,44,44,44,70,70,360
2009,"Bay Lake Tower","Magic","One Bedroom – Magic Kingdom",11/25/09,11/27/09,44,44,44,44,44,70,70,360
2009,"Bay Lake Tower","Magic","Two Bedroom – Standard",02/16/09,02/28/09,41,41,41,41,41,73,73,351
2009,"Bay Lake Tower","Magic","Two Bedroom – Standard",03/01/09,03/31/09,41,41,41,41,41,73,73,351
2009,"Bay Lake Tower","Magic","Two Bedroom – Standard",04/01/09,04/04/09,41,41,41,41,41,73,73,351
2009,"Bay Lake Tower","Magic","Two Bedroom – Standard",04/19/09,04/30/09,41,41,41,41,41,73,73,351
2009,"Bay Lake Tower","Magic","Two Bedroom – Standard",06/11/09,06/30/09,41,41,41,41,41,73,73,351
2009,"Bay Lake Tower","Magic","Two Bedroom – Standard",07/01/09,07/31/09,41,41,41,41,41,73,73,351
2009,"Bay Lake Tower","Magic","Two Bedroom – Standard",08/01/09,08/15/09,41,41,41,41,41,73,73,351
2009,"Bay Lake Tower","Magic","Two Bedroom – Standard",11/25/09,11/27/09,41,41,41,41,41,73,73,351
2009,"Bay Lake Tower","Magic","Two Bedroom – Lake",02/16/09,02/28/09,46,46,46,46,46,79,79,388
2009,"Bay Lake Tower","Magic","Two Bedroom – Lake",03/01/09,03/31/09,46,46,46,46,46,79,79,388
2009,"Bay Lake Tower","Magic","Two Bedroom – Lake",04/01/09,04/04/09,46,46,46,46,46,79,79,388
2009,"Bay Lake Tower","Magic","Two Bedroom – Lake",04/19/09,04/30/09,46,46,46,46,46,79,79,388
2009,"Bay Lake Tower","Magic","Two Bedroom – Lake",06/11/09,06/30/09,46,46,46,46,46,79,79,388
2009,"Bay Lake Tower","Magic","Two Bedroom – Lake",07/01/09,07/31/09,46,46,46,46,46,79,79,388
2009,"Bay Lake Tower","Magic","Two Bedroom – Lake",08/01/09,08/15/09,46,46,46,46,46,79,79,388
2009,"Bay Lake Tower","Magic","Two Bedroom – Lake",11/25/09,11/27/09,46,46,46,46,46,79,79,388
2009,"Bay Lake Tower","Magic","Two Bedroom – Magic Kingdom",02/16/09,02/28/09,56,56,56,56,56,94,94,468
2009,"Bay Lake Tower","Magic","Two Bedroom – Magic Kingdom",03/01/09,03/31/09,56,56,56,56,56,94,94,468
2009,"Bay Lake Tower","Magic","Two Bedroom – Magic Kingdom",04/01/09,04/04/09,56,56,56,56,56,94,94,468
2009,"Bay Lake Tower","Magic","Two Bedroom – Magic Kingdom",04/19/09,04/30/09,56,56,56,56,56,94,94,468
2009,"Bay Lake Tower","Magic","Two Bedroom – Magic Kingdom",06/11/09,06/30/09,56,56,56,56,56,94,94,468
2009,"Bay Lake Tower","Magic","Two Bedroom – Magic Kingdom",07/01/09,07/31/09,56,56,56,56,56,94,94,468
2009,"Bay Lake Tower","Magic","Two Bedroom – Magic Kingdom",08/01/09,08/15/09,56,56,56,56,56,94,94,468
2009,"Bay Lake Tower","Magic","Two Bedroom – Magic Kingdom",11/25/09,11/27/09,56,56,56,56,56,94,94,468
2009,"Bay Lake Tower","Magic","Grand Villa – Lake",02/16/09,02/28/09,104,104,104,104,104,181,181,882
2009,"Bay Lake Tower","Magic","Grand Villa – Lake",03/01/09,03/31/09,104,104,104,104,104,181,181,882
2009,"Bay Lake Tower","Magic","Grand Villa – Lake",04/01/09,04/04/09,104,104,104,104,104,181,181,882
2009,"Bay Lake Tower","Magic","Grand Villa – Lake",04/19/09,04/30/09,104,104,104,104,104,181,181,882
2009,"Bay Lake Tower","Magic","Grand Villa – Lake",06/11/09,06/30/09,104,104,104,104,104,181,181,882
2009,"Bay Lake Tower","Magic","Grand Villa – Lake",07/01/09,07/31/09,104,104,104,104,104,181,181,882
2009,"Bay Lake Tower","Magic","Grand Villa – Lake",08/01/09,08/15/09,104,104,104,104,104,181,181,882
2009,"Bay Lake Tower","Magic","Grand Villa – Lake",11/25/09,11/27/09,104,104,104,104,104,181,181,882
2009,"Bay Lake Tower","Magic","Grand Villa – Magic Kingdom",02/16/09,02/28/09,127,127,127,127,127,215,215,1065
2009,"Bay Lake Tower","Magic","Grand Villa – Magic Kingdom",03/01/09,03/31/09,127,127,127,127,127,215,215,1065
2009,"Bay Lake Tower","Magic","Grand Villa – Magic Kingdom",04/01/09,04/04/09,127,127,127,127,127,215,215,1065
2009,"Bay Lake Tower","Magic","Grand Villa – Magic Kingdom",04/19/09,04/30/09,127,127,127,127,127,215,215,1065
2009,"Bay Lake Tower","Magic","Grand Villa – Magic Kingdom",06/11/09,06/30/09,127,127,127,127,127,215,215,1065
2009,"Bay Lake Tower","Magic","Grand Villa – Magic Kingdom",07/01/09,07/31/09,127,127,127,127,127,215,215,1065
2009,"Bay Lake Tower","Magic","Grand Villa – Magic Kingdom",08/01/09,08/15/09,127,127,127,127,127,215,215,1065
2009,"Bay Lake Tower","Magic","Grand Villa – Magic Kingdom",11/25/09,11/27/09,127,127,127,127,127,215,215,1065
2009,"Bay Lake Tower","Premier","Studio – Standard",04/05/09,04/18/09,21,21,21,21,21,38,38,181
2009,"Bay Lake Tower","Premier","Studio – Standard",12/24/09,12/31/09,21,21,21,21,21,38,38,181
2009,"Bay Lake Tower","Premier","Studio – Lake",04/05/09,04/18/09,24,24,24,24,24,40,40,200
2009,"Bay Lake Tower","Premier","Studio – Lake",12/24/09,12/31/09,24,24,24,24,24,40,40,200
2009,"Bay Lake Tower","Premier","Studio – Magic Kingdom",04/05/09,04/18/09,29,29,29,29,29,48,48,241
2009,"Bay Lake Tower","Premier","Studio – Magic Kingdom",12/24/09,12/31/09,24,24,24,24,24,40,40,200
2009,"Bay Lake Tower","Premier","One Bedroom – Standard",04/05/09,04/18/09,43,43,43,43,43,68,68,351
2009,"Bay Lake Tower","Premier","One Bedroom – Standard",12/24/09,12/31/09,43,43,43,43,43,68,68,351
2009,"Bay Lake Tower","Premier","One Bedroom – Lake",04/05/09,04/18/09,46,46,46,46,46,79,79,388
2009,"Bay Lake Tower","Premier","One Bedroom – Lake",12/24/09,12/31/09,46,46,46,46,46,79,79,388
2009,"Bay Lake Tower","Premier","One Bedroom – Magic Kingdom",04/05/09,04/18/09,56,56,56,56,56,94,94,468
2009,"Bay Lake Tower","Premier","One Bedroom – Magic Kingdom",12/24/09,12/31/09,56,56,56,56,56,94,94,468
2009,"Bay Lake Tower","Premier","Two Bedroom – Standard",04/05/09,04/18/09,55,55,55,55,55,93,93,461
2009,"Bay Lake Tower","Premier","Two Bedroom – Standard",12/24/09,12/31/09,55,55,55,55,55,93,93,461
2009,"Bay Lake Tower","Premier","Two Bedroom – Lake",04/05/09,04/18/09,61,61,61,61,61,102,102,509
2009,"Bay Lake Tower","Premier","Two Bedroom – Lake",12/24/09,12/31/09,61,61,61,61,61,102,102,509
2009,"Bay Lake Tower","Premier","Two Bedroom – Magic Kingdom",04/05/09,04/18/09,73,73,73,73,73,125,125,615
2009,"Bay Lake Tower","Premier","Two Bedroom – Magic Kingdom",12/24/09,12/31/09,73,73,73,73,73,125,125,615
2009,"Bay Lake Tower","Premier","Grand Villa – Lake",04/05/09,04/18/09,126,126,126,126,126,218,218,1066
2009,"Bay Lake Tower","Premier","Grand Villa – Lake",12/24/09,12/31/09,126,126,126,126,126,218,218,1066
2009,"Bay Lake Tower","Premier","Grand Villa – Magic Kingdom",04/05/09,04/18/09,153,153,153,153,153,261,261,1287
2009,"Bay Lake Tower","Premier","Grand Villa – Magic Kingdom",12/24/09,12/31/09,153,153,153,153,153,261,261,1287
2009,"Beach Club","Adventure","Studio",01/01/09,01/31/09,12,12,12,12,12,22,22,104
2009,"Beach Club","Adventure","Studio",09/01/09,09/30/09,12,12,12,12,12,22,22,104
2009,"Beach Club","Adventure","Studio",12/01/09,12/14/09,12,12,12,12,12,22,22,104
2009,"Beach Club","Adventure","One Bedroom",01/01/09,01/31/09,22,22,22,22,22,45,45,200
2009,"Beach Club","Adventure","One Bedroom",09/01/09,09/30/09,22,22,22,22,22,45,45,200
2009,"Beach Club","Adventure","One Bedroom",12/01/09,12/14/09,22,22,22,22,22,45,45,200
2009,"Beach Club","Adventure","Two Bedroom",01/01/09,01/31/09,30,30,30,30,30,60,60,270
2009,"Beach Club","Adventure","Two Bedroom",09/01/09,09/30/09,30,30,30,30,30,60,60,270
2009,"Beach Club","Adventure","Two Bedroom",12/01/09,12/14/09,30,30,30,30,30,60,60,270
2009,"Beach Club","Choice","Studio",10/01/09,10/31/09,12,12,12,12,12,23,23,106
2009,"Beach Club","Choice","Studio",11/01/09,11/24/09,12,12,12,12,12,23,23,106
2009,"Beach Club","Choice","Studio",11/28/09,11/30/09,12,12,12,12,12,23,23,106
2009,"Beach Club","Choice","Studio",12/15/09,12/23/09,12,12,12,12,12,23,23,106
2009,"Beach Club","Choice","One Bedroom",10/01/09,10/31/09,24,24,24,24,24,47,47,214
2009,"Beach Club","Choice","One Bedroom",11/01/09,11/24/09,24,24,24,24,24,47,47,214
2009,"Beach Club","Choice","One Bedroom",11/28/09,11/30/09,24,24,24,24,24,47,47,214
2009,"Beach Club","Choice","One Bedroom",12/15/09,12/23/09,24,24,24,24,24,47,47,214
2009,"Beach Club","Choice","Two Bedroom",10/01/09,10/31/09,32,32,32,32,32,61,61,282
2009,"Beach Club","Choice","Two Bedroom",11/01/09,11/24/09,32,32,32,32,32,61,61,282
2009,"Beach Club","Choice","Two Bedroom",11/28/09,11/30/09,32,32,32,32,32,61,61,282
2009,"Beach Club","Choice","Two Bedroom",12/15/09,12/23/09,32,32,32,32,32,61,61,282
2009,"Beach Club","Dream","Studio",02/01/09,02/15/09,13,13,13,13,13,29,29,123
2009,"Beach Club","Dream","Studio",05/01/09,05/31/09,13,13,13,13,13,29,29,123
2009,"Beach Club","Dream","Studio",06/01/09,06/10/09,13,13,13,13,13,29,29,123
2009,"Beach Club","Dream","Studio",08/16/09,08/31/09,13,13,13,13,13,29,29,123
2009,"Beach Club","Dream","One Bedroom",02/01/09,02/15/09,28,28,28,28,28,56,56,252
2009,"Beach Club","Dream","One Bedroom",05/01/09,05/31/09,28,28,28,28,28,56,56,252
2009,"Beach Club","Dream","One Bedroom",06/01/09,06/10/09,28,28,28,28,28,56,56,252
2009,"Beach Club","Dream","One Bedroom",08/16/09,08/31/09,28,28,28,28,28,56,56,252
2009,"Beach Club","Dream","Two Bedroom",02/01/09,02/15/09,34,34,34,34,34,72,72,314
2009,"Beach Club","Dream","Two Bedroom",05/01/09,05/31/09,34,34,34,34,34,72,72,314
2009,"Beach Club","Dream","Two Bedroom",06/01/09,06/10/09,34,34,34,34,34,72,72,314
2009,"Beach Club","Dream","Two Bedroom",08/16/09,08/31/09,34,34,34,34,34,72,72,314
2009,"Beach Club","Magic","Studio",02/16/09,02/28/09,14,14,14,14,14,32,32,134
2009,"Beach Club","Magic","Studio",03/01/09,03/31/09,14,14,14,14,14,32,32,134
2009,"Beach Club","Magic","Studio",04/01/09,04/04/09,14,14,14,14,14,32,32,134
2009,"Beach Club","Magic","Studio",04/19/09,04/30/09,14,14,14,14,14,32,32,134
2009,"Beach Club","Magic","Studio",06/11/09,06/30/09,14,14,14,14,14,32,32,134
2009,"Beach Club","Magic","Studio",07/01/09,07/31/09,14,14,14,14,14,32,32,134
2009,"Beach Club","Magic","Studio",08/01/09,08/15/09,14,14,14,14,14,32,32,134
2009,"Beach Club","Magic","Studio",11/25/09,11/27/09,14,14,14,14,14,32,32,134
2009,"Beach Club","Magic","One Bedroom",02/16/09,02/28/09,30,30,30,30,30,60,60,270
2009,"Beach Club","Magic","One Bedroom",03/01/09,03/31/09,30,30,30,30,30,60,60,270
2009,"Beach Club","Magic","One Bedroom",04/01/09,04/04/09,30,30,30,30,30,60,60,270
2009,"Beach Club","Magic","One Bedroom",04/19/09,04/30/09,30,30,30,30,30,60,60,270
2009,"Beach Club","Magic","One Bedroom",06/11/09,06/30/09,30,30,30,30,30,60,60,270
2009,"Beach Club","Magic","One Bedroom",07/01/09,07/31/09,30,30,30,30,30,60,60,270
2009,"Beach Club","Magic","One Bedroom",08/01/09,08/15/09,30,30,30,30,30,60,60,270
2009,"Beach Club","Magic","One Bedroom",11/25/09,11/27/09,30,30,30,30,30,60,60,270
2009,"Beach Club","Magic","Two Bedroom",02/16/09,02/28/09,40,40,40,40,40,75,75,350
2009,"Beach Club","Magic","Two Bedroom",03/01/09,03/31/09,40,40,40,40,40,75,75,350
2009,"Beach Club","Magic","Two Bedroom",04/01/09,04/04/09,40,40,40,40,40,75,75,350
2009,"Beach Club","Magic","Two Bedroom",04/19/09,04/30/09,40,40,40,40,40,75,75,350
2009,"Beach Club","Magic","Two Bedroom",06/11/09,06/30/09,40,40,40,40,40,75,75,350
2009,"Beach Club","Magic","Two Bedroom",07/01/09,07/31/09,40,40,40,40,40,75,75,350
2009,"Beach Club","Magic","Two Bedroom",08/01/09,08/15/09,40,40,40,40,40,75,75,350
2009,"Beach Club","Magic","Two Bedroom",11/25/09,11/27/09,40,40,40,40,40,75,75,350
2009,"Beach Club","Premier","Studio",04/05/09,04/18/09,19,19,19,19,19,43,43,181
2009,"Beach Club","Premier","Studio",12/24/09,12/31/09,19,19,19,19,19,43,43,181
2009,"Beach Club","Premier","One Bedroom",04/05/09,04/18/09,40,40,40,40,40,75,75,350
2009,"Beach Club","Premier","One Bedroom",12/24/09,12/31/09,40,40,40,40,40,75,75,350
2009,"Beach Club","Premier","Two Bedroom",04/05/09,04/18/09,50,50,50,50,50,106,106,462
2009,"Beach Club","Premier","Two Bedroom",12/24/09,12/31/09,50,50,50,50,50,106,106,462
2009,"Boardwalk","Adventure","Studio – Standard",01/01/09,01/31/09,9,9,9,9,9,20,20,85
2009,"Boardwalk","Adventure","Studio – Standard",09/01/09,09/30/09,9,9,9,9,9,20,20,85
2009,"Boardwalk","Adventure","Studio – Standard",12/01/09,12/14/09,9,9,9,9,9,20,20,85
2009,"Boardwalk","Adventure","Studio – Preferred",01/01/09,01/31/09,12,12,12,12,12,22,22,104
2009,"Boardwalk","Adventure","Studio – Preferred",09/01/09,09/30/09,12,12,12,12,12,22,22,104
2009,"Boardwalk","Adventure","Studio – Preferred",12/01/09,12/14/09,12,12,12,12,12,22,22,104
2009,"Boardwalk","Adventure","One Bedroom – Standard",01/01/09,01/31/09,16,16,16,16,16,41,41,162
2009,"Boardwalk","Adventure","One Bedroom – Standard",09/01/09,09/30/09,16,16,16,16,16,41,41,162
2009,"Boardwalk","Adventure","One Bedroom – Standard",12/01/09,12/14/09,16,16,16,16,16,41,41,162
2009,"Boardwalk","Adventure","One Bedroom – Preferred",01/01/09,01/31/09,22,22,22,22,22,45,45,200
2009,"Boardwalk","Adventure","One Bedroom – Preferred",09/01/09,09/30/09,22,22,22,22,22,45,45,200
2009,"Boardwalk","Adventure","One Bedroom – Preferred",12/01/09,12/14/09,22,22,22,22,22,45,45,200
2009,"Boardwalk","Adventure","Two Bedroom – Standard",01/01/09,01/31/09,24,24,24,24,24,51,51,222
2009,"Boardwalk","Adventure","Two Bedroom – Standard",09/01/09,09/30/09,24,24,24,24,24,51,51,222
2009,"Boardwalk","Adventure","Two Bedroom – Standard",12/01/09,12/14/09,24,24,24,24,24,51,51,222
2009,"Boardwalk","Adventure","Two Bedroom – Preferred",01/01/09,01/31/09,30,30,30,30,30,60,60,270
2009,"Boardwalk","Adventure","Two Bedroom – Preferred",09/01/09,09/30/09,30,30,30,30,30,60,60,270
2009,"Boardwalk","Adventure","Two Bedroom – Preferred",12/01/09,12/14/09,30,30,30,30,30,60,60,270
2009,"Boardwalk","Adventure","Grand Villa – Preferred",01/01/09,01/31/09,74,74,74,74,74,94,94,558
2009,"Boardwalk","Adventure","Grand Villa – Preferred",09/01/09,09/30/09,74,74,74,74,74,94,94,558
2009,"Boardwalk","Adventure","Grand Villa – Preferred",12/01/09,12/14/09,74,74,74,74,74,94,94,558
2009,"Boardwalk","Choice","Studio – Standard",10/01/09,10/31/09,9,9,9,9,9,21,21,87
2009,"Boardwalk","Choice","Studio – Standard",11/01/09,11/23/09,9,9,9,9,9,21,21,87
2009,"Boardwalk","Choice","Studio – Standard",11/28/09,11/30/09,9,9,9,9,9,21,21,87
2009,"Boardwalk","Choice","Studio – Standard",12/15/09,12/23/09,9,9,9,9,9,21,21,87
2009,"Boardwalk","Choice","Studio – Preferred",10/01/09,10/31/09,12,12,12,12,12,23,23,106
2009,"Boardwalk","Choice","Studio – Preferred",11/01/09,11/23/09,12,12,12,12,12,23,23,106
2009,"Boardwalk","Choice","Studio – Preferred",11/28/09,11/30/09,12,12,12,12,12,23,23,106
2009,"Boardwalk","Choice","Studio – Preferred",12/15/09,12/23/09,12,12,12,12,12,23,23,106
2009,"Boardwalk","Choice","One Bedroom – Standard",10/01/09,10/31/09,18,18,18,18,18,42,42,174
2009,"Boardwalk","Choice","One Bedroom – Standard",11/01/09,11/23/09,18,18,18,18,18,42,42,174
2009,"Boardwalk","Choice","One Bedroom – Standard",11/28/09,11/30/09,18,18,18,18,18,42,42,174
2009,"Boardwalk","Choice","One Bedroom – Standard",12/15/09,12/23/09,18,18,18,18,18,42,42,174
2009,"Boardwalk","Choice","One Bedroom – Preferred",10/01/09,10/31/09,24,24,24,24,24,47,47,214
2009,"Boardwalk","Choice","One Bedroom – Preferred",11/01/09,11/23/09,24,24,24,24,24,47,47,214
2009,"Boardwalk","Choice","One Bedroom – Preferred",11/28/09,11/30/09,24,24,24,24,24,47,47,214
2009,"Boardwalk","Choice","One Bedroom – Preferred",12/15/09,12/23/09,24,24,24,24,24,47,47,214
2009,"Boardwalk","Choice","Two Bedroom – Standard",10/01/09,10/31/09,24,24,24,24,24,58,58,236
2009,"Boardwalk","Choice","Two Bedroom – Standard",11/01/09,11/23/09,24,24,24,24,24,58,58,236
2009,"Boardwalk","Choice","Two Bedroom – Standard",11/28/09,11/30/09,24,24,24,24,24,58,58,236
2009,"Boardwalk","Choice","Two Bedroom – Standard",12/15/09,12/23/09,24,24,24,24,24,58,58,236
2009,"Boardwalk","Choice","Two Bedroom – Preferred",10/01/09,10/31/09,32,32,32,32,32,61,61,282
2009,"Boardwalk","Choice","Two Bedroom – Preferred",11/01/09,11/23/09,32,32,32,32,32,61,61,282
2009,"Boardwalk","Choice","Two Bedroom – Preferred",11/28/09,11/30/09,32,32,32,32,32,61,61,282
2009,"Boardwalk","Choice","Two Bedroom – Preferred",12/15/09,12/23/09,32,32,32,32,32,61,61,282
2009,"Boardwalk","Choice","Grand Villa – Preferred",10/01/09,10/31/09,79,79,79,79,79,96,96,587
2009,"Boardwalk","Choice","Grand Villa – Preferred",11/01/09,11/23/09,79,79,79,79,79,96,96,587
2009,"Boardwalk","Choice","Grand Villa – Preferred",11/28/09,11/30/09,79,79,79,79,79,96,96,587
2009,"Boardwalk","Choice","Grand Villa – Preferred",12/15/09,12/23/09,79,79,79,79,79,96,96,587
2009,"Boardwalk","Dream","Studio – Standard",02/01/09,02/15/09,11,11,11,11,11,26,26,107
2009,"Boardwalk","Dream","Studio – Standard",05/01/09,05/31/09,11,11,11,11,11,26,26,107
2009,"Boardwalk","Dream","Studio – Standard",06/01/09,06/10/09,11,11,11,11,11,26,26,107
2009,"Boardwalk","Dream","Studio – Standard",08/16/09,08/31/09,11,11,11,11,11,26,26,107
2009,"Boardwalk","Dream","Studio – Preferred",02/01/09,02/15/09,13,13,13,13,13,29,29,123
2009,"Boardwalk","Dream","Studio – Preferred",05/01/09,05/31/09,13,13,13,13,13,29,29,123
2009,"Boardwalk","Dream","Studio – Preferred",06/01/09,06/10/09,13,13,13,13,13,29,29,123
2009,"Boardwalk","Dream","Studio – Preferred",08/16/09,08/31/09,13,13,13,13,13,29,29,123
2009,"Boardwalk","Dream","One Bedroom – Standard",02/01/09,02/15/09,22,22,22,22,22,50,50,210
2009,"Boardwalk","Dream","One Bedroom – Standard",05/01/09,05/31/09,22,22,22,22,22,50,50,210
2009,"Boardwalk","Dream","One Bedroom – Standard",06/01/09,06/10/09,22,22,22,22,22,50,50,210
2009,"Boardwalk","Dream","One Bedroom – Standard",08/16/09,08/31/09,22,22,22,22,22,50,50,210
2009,"Boardwalk","Dream","One Bedroom – Preferred",02/01/09,02/15/09,28,28,28,28,28,56,56,252
2009,"Boardwalk","Dream","One Bedroom – Preferred",05/01/09,05/31/09,28,28,28,28,28,56,56,252
2009,"Boardwalk","Dream","One Bedroom – Preferred",06/01/09,06/10/09,28,28,28,28,28,56,56,252
2009,"Boardwalk","Dream","One Bedroom – Preferred",08/16/09,08/31/09,28,28,28,28,28,56,56,252
2009,"Boardwalk","Dream","Two Bedroom – Standard",02/01/09,02/15/09,30,30,30,30,30,68,68,286
2009,"Boardwalk","Dream","Two Bedroom – Standard",05/01/09,05/31/09,30,30,30,30,30,68,68,286
2009,"Boardwalk","Dream","Two Bedroom – Standard",06/01/09,06/10/09,30,30,30,30,30,68,68,286
2009,"Boardwalk","Dream","Two Bedroom – Standard",08/16/09,08/31/09,30,30,30,30,30,68,68,286
2009,"Boardwalk","Dream","Two Bedroom – Preferred",02/01/09,02/15/09,34,34,34,34,34,72,72,314
2009,"Boardwalk","Dream","Two Bedroom – Preferred",05/01/09,05/31/09,34,34,34,34,34,72,72,314
2009,"Boardwalk","Dream","Two Bedroom – Preferred",06/01/09,06/10/09,34,34,34,34,34,72,72,314
2009,"Boardwalk","Dream","Two Bedroom – Preferred",08/16/09,08/31/09,34,34,34,34,34,72,72,314
2009,"Boardwalk","Dream","Grand Villa – Preferred",02/01/09,02/15/09,88,88,88,88,88,118,118,676
2009,"Boardwalk","Dream","Grand Villa – Preferred",05/01/09,05/31/09,88,88,88,88,88,118,118,676
2009,"Boardwalk","Dream","Grand Villa – Preferred",06/01/09,06/10/09,88,88,88,88,88,118,118,676
2009,"Boardwalk","Dream","Grand Villa – Preferred",08/16/09,08/31/09,88,88,88,88,88,118,118,676
2009,"Boardwalk","Magic","Studio – Standard",02/16/09,02/28/09,11,11,11,11,11,28,28,111
2009,"Boardwalk","Magic","Studio – Standard",03/01/09,03/31/09,11,11,11,11,11,28,28,111
2009,"Boardwalk","Magic","Studio – Standard",04/01/09,04/04/09,11,11,11,11,11,28,28,111
2009,"Boardwalk","Magic","Studio – Standard",04/19/09,04/30/09,11,11,11,11,11,28,28,111
2009,"Boardwalk","Magic","Studio – Standard",06/11/09,06/30/09,11,11,11,11,11,28,28,111
2009,"Boardwalk","Magic","Studio – Standard",07/01/09,07/31/09,11,11,11,11,11,28,28,111
2009,"Boardwalk","Magic","Studio – Standard",08/01/09,08/15/09,11,11,11,11,11,28,28,111
2009,"Boardwalk","Magic","Studio – Standard",11/25/09,11/27/09,11,11,11,11,11,28,28,111
2009,"Boardwalk","Magic","Studio – Preferred",02/16/09,02/28/09,14,14,14,14,14,32,32,134
2009,"Boardwalk","Magic","Studio – Preferred",03/01/09,03/31/09,14,14,14,14,14,32,32,134
2009,"Boardwalk","Magic","Studio – Preferred",04/01/09,04/04/09,14,14,14,14,14,32,32,134
2009,"Boardwalk","Magic","Studio – Preferred",04/19/09,04/30/09,14,14,14,14,14,32,32,134
2009,"Boardwalk","Magic","Studio – Preferred",06/11/09,06/30/09,14,14,14,14,14,32,32,134
2009,"Boardwalk","Magic","Studio – Preferred",07/01/09,07/31/09,14,14,14,14,14,32,32,134
2009,"Boardwalk","Magic","Studio – Preferred",08/01/09,08/15/09,14,14,14,14,14,32,32,134
2009,"Boardwalk","Magic","Studio – Preferred",11/25/09,11/27/09,14,14,14,14,14,32,32,134
2009,"Boardwalk","Magic","One Bedroom – Standard",02/16/09,02/28/09,24,24,24,24,24,51,51,222
2009,"Boardwalk","Magic","One Bedroom – Standard",03/01/09,03/31/09,24,24,24,24,24,51,51,222
2009,"Boardwalk","Magic","One Bedroom – Standard",04/01/09,04/04/09,24,24,24,24,24,51,51,222
2009,"Boardwalk","Magic","One Bedroom – Standard",04/19/09,04/30/09,24,24,24,24,24,51,51,222
2009,"Boardwalk","Magic","One Bedroom – Standard",06/11/09,06/30/09,24,24,24,24,24,51,51,222
2009,"Boardwalk","Magic","One Bedroom – Standard",07/01/09,07/31/09,24,24,24,24,24,51,51,222
2009,"Boardwalk","Magic","One Bedroom – Standard",08/01/09,08/15/09,24,24,24,24,24,51,51,222
2009,"Boardwalk","Magic","One Bedroom – Standard",11/25/09,11/27/09,24,24,24,24,24,51,51,222
2009,"Boardwalk","Magic","One Bedroom – Preferred",02/16/09,02/28/09,30,30,30,30,30,60,60,270
2009,"Boardwalk","Magic","One Bedroom – Preferred",03/01/09,03/31/09,30,30,30,30,30,60,60,270
2009,"Boardwalk","Magic","One Bedroom – Preferred",04/01/09,04/04/09,30,30,30,30,30,60,60,270
2009,"Boardwalk","Magic","One Bedroom – Preferred",04/19/09,04/30/09,30,30,30,30,30,60,60,270
2009,"Boardwalk","Magic","One Bedroom – Preferred",06/11/09,06/30/09,30,30,30,30,30,60,60,270
2009,"Boardwalk","Magic","One Bedroom – Preferred",07/01/09,07/31/09,30,30,30,30,30,60,60,270
2009,"Boardwalk","Magic","One Bedroom – Preferred",08/01/09,08/15/09,30,30,30,30,30,60,60,270
2009,"Boardwalk","Magic","One Bedroom – Preferred",11/25/09,11/27/09,30,30,30,30,30,60,60,270
2009,"Boardwalk","Magic","Two Bedroom – Standard",02/16/09,02/28/09,32,32,32,32,32,73,73,306
2009,"Boardwalk","Magic","Two Bedroom – Standard",03/01/09,03/31/09,32,32,32,32,32,73,73,306
2009,"Boardwalk","Magic","Two Bedroom – Standard",04/01/09,04/04/09,32,32,32,32,32,73,73,306
2009,"Boardwalk","Magic","Two Bedroom – Standard",04/19/09,04/30/09,32,32,32,32,32,73,73,306
2009,"Boardwalk","Magic","Two Bedroom – Standard",06/11/09,06/30/09,32,32,32,32,32,73,73,306
2009,"Boardwalk","Magic","Two Bedroom – Standard",07/01/09,07/31/09,32,32,32,32,32,73,73,306
2009,"Boardwalk","Magic","Two Bedroom – Standard",08/01/09,08/15/09,32,32,32,32,32,73,73,306
2009,"Boardwalk","Magic","Two Bedroom – Standard",11/25/09,11/27/09,32,32,32,32,32,73,73,306
2009,"Boardwalk","Magic","Two Bedroom – Preferred",02/16/09,02/28/09,40,40,40,40,40,75,75,350
2009,"Boardwalk","Magic","Two Bedroom – Preferred",03/01/09,03/31/09,40,40,40,40,40,75,75,350
2009,"Boardwalk","Magic","Two Bedroom – Preferred",04/01/09,04/04/09,40,40,40,40,40,75,75,350
2009,"Boardwalk","Magic","Two Bedroom – Preferred",04/19/09,04/30/09,40,40,40,40,40,75,75,350
2009,"Boardwalk","Magic","Two Bedroom – Preferred",06/11/09,06/30/09,40,40,40,40,40,75,75,350
2009,"Boardwalk","Magic","Two Bedroom – Preferred",07/01/09,07/31/09,40,40,40,40,40,75,75,350
2009,"Boardwalk","Magic","Two Bedroom – Preferred",08/01/09,08/15/09,40,40,40,40,40,75,75,350
2009,"Boardwalk","Magic","Two Bedroom – Preferred",11/25/09,11/27/09,40,40,40,40,40,75,75,350
2009,"Boardwalk","Magic","Grand Villa – Preferred",02/16/09,02/28/09,108,108,108,108,108,130,130,800
2009,"Boardwalk","Magic","Grand Villa – Preferred",03/01/09,03/31/09,108,108,108,108,108,130,130,800
2009,"Boardwalk","Magic","Grand Villa – Preferred",04/01/09,04/04/09,108,108,108,108,108,130,130,800
2009,"Boardwalk","Magic","Grand Villa – Preferred",04/19/09,04/30/09,108,108,108,108,108,130,130,800
2009,"Boardwalk","Magic","Grand Villa – Preferred",06/11/09,06/30/09,108,108,108,108,108,130,130,800
2009,"Boardwalk","Magic","Grand Villa – Preferred",07/01/09,07/31/09,108,108,108,108,108,130,130,800
2009,"Boardwalk","Magic","Grand Villa – Preferred",08/01/09,08/15/09,108,108,108,108,108,130,130,800
2009,"Boardwalk","Magic","Grand Villa – Preferred",11/25/09,11/27/09,108,108,108,108,108,130,130,800
2009,"Boardwalk","Premier","Studio – Standard",04/05/09,04/18/09,16,16,16,16,16,38,38,156
2009,"Boardwalk","Premier","Studio – Standard",12/24/09,12/31/09,16,16,16,16,16,38,38,156
2009,"Boardwalk","Premier","Studio – Preferred",04/05/09,04/18/09,19,19,19,19,19,43,43,181
2009,"Boardwalk","Premier","Studio – Preferred",12/24/09,12/31/09,19,19,19,19,19,43,43,181
2009,"Boardwalk","Premier","One Bedroom – Standard",04/05/09,04/18/09,32,32,32,32,32,75,75,310
2009,"Boardwalk","Premier","One Bedroom – Standard",12/24/09,12/31/09,32,32,32,32,32,75,75,310
2009,"Boardwalk","Premier","One Bedroom – Preferred",04/05/09,04/18/09,40,40,40,40,40,75,75,350
2009,"Boardwalk","Premier","One Bedroom – Preferred",12/24/09,12/31/09,40,40,40,40,40,75,75,350
2009,"Boardwalk","Premier","Two Bedroom – Standard",04/05/09,04/18/09,44,44,44,44,44,103,103,426
2009,"Boardwalk","Premier","Two Bedroom – Standard",12/24/09,12/31/09,44,44,44,44,44,103,103,426
2009,"Boardwalk","Premier","Two Bedroom – Preferred",04/05/09,04/18/09,50,50,50,50,50,106,106,462
2009,"Boardwalk","Premier","Two Bedroom – Preferred",12/24/09,12/31/09,50,50,50,50,50,106,106,462
2009,"Boardwalk","Premier","Grand Villa – Preferred",04/05/09,04/18/09,130,130,130,130,130,158,158,966
2009,"Boardwalk","Premier","Grand Villa – Preferred",12/24/09,12/31/09,130,130,130,130,130,158,158,966
2009,"Old Key West","Adventure","Studio",01/01/09,01/31/09,8,8,8,8,8,20,20,80
2009,"Old Key West","Adventure","Studio",09/01/09,09/30/09,8,8,8,8,8,20,20,80
2009,"Old Key West","Adventure","Studio",12/01/09,12/14/09,8,8,8,8,8,20,20,80
2009,"Old Key West","Adventure","One Bedroom",01/01/09,01/31/09,16,16,16,16,16,40,40,160
2009,"Old Key West","Adventure","One Bedroom",09/01/09,09/30/09,16,16,16,16,16,40,40,160
2009,"Old Key West","Adventure","One Bedroom",12/01/09,12/14/09,16,16,16,16,16,40,40,160
2009,"Old Key West","Adventure","Two Bedroom",01/01/09,01/31/09,22,22,22,22,22,54,54,218
2009,"Old Key West","Adventure","Two Bedroom",09/01/09,09/30/09,22,22,22,22,22,54,54,218
2009,"Old Key West","Adventure","Two Bedroom",12/01/09,12/14/09,22,22,22,22,22,54,54,218
2009,"Old Key West","Adventure","Grand Villa",01/01/09,01/31/09,36,36,36,36,36,88,88,356
2009,"Old Key West","Adventure","Grand Villa",09/01/09,09/30/09,36,36,36,36,36,88,88,356
2009,"Old Key West","Adventure","Grand Villa",12/01/09,12/14/09,36,36,36,36,36,88,88,356
2009,"Old Key West","Choice","Studio",10/01/09,10/31/09,8,8,8,8,8,21,21,82
2009,"Old Key West","Choice","Studio",11/01/09,11/24/09,8,8,8,8,8,21,21,82
2009,"Old Key West","Choice","Studio",11/28/09,11/30/09,8,8,8,8,8,21,21,82
2009,"Old Key West","Choice","Studio",12/15/09,12/23/09,8,8,8,8,8,21,21,82
2009,"Old Key West","Choice","One Bedroom",10/01/09,10/31/09,18,18,18,18,18,41,41,172
2009,"Old Key West","Choice","One Bedroom",11/01/09,11/24/09,18,18,18,18,18,41,41,172
2009,"Old Key West","Choice","One Bedroom",11/28/09,11/30/09,18,18,18,18,18,41,41,172
2009,"Old Key West","Choice","One Bedroom",12/15/09,12/23/09,18,18,18,18,18,41,41,172
2009,"Old Key West","Choice","Two Bedroom",10/01/09,10/31/09,24,24,24,24,24,56,56,232
2009,"Old Key West","Choice","Two Bedroom",11/01/09,11/24/09,24,24,24,24,24,56,56,232
2009,"Old Key West","Choice","Two Bedroom",11/28/09,11/30/09,24,24,24,24,24,56,56,232
2009,"Old Key West","Choice","Two Bedroom",12/15/09,12/23/09,24,24,24,24,24,56,56,232
2009,"Old Key West","Choice","Grand Villa",10/01/09,10/31/09,38,38,38,38,38,91,91,372
2009,"Old Key West","Choice","Grand Villa",11/01/09,11/24/09,38,38,38,38,38,91,91,372
2009,"Old Key West","Choice","Grand Villa",11/28/09,11/30/09,38,38,38,38,38,91,91,372
2009,"Old Key West","Choice","Grand Villa",12/15/09,12/23/09,38,38,38,38,38,91,91,372
2009,"Old Key West","Dream","Studio",02/01/09,02/15/09,10,10,10,10,10,24,24,98
2009,"Old Key West","Dream","Studio",05/01/09,05/31/09,10,10,10,10,10,24,24,98
2009,"Old Key West","Dream","Studio",06/01/09,06/10/09,10,10,10,10,10,24,24,98
2009,"Old Key West","Dream","Studio",08/16/09,08/31/09,10,10,10,10,10,24,24,98
2009,"Old Key West","Dream","One Bedroom",02/01/09,02/15/09,20,20,20,20,20,48,48,196
2009,"Old Key West","Dream","One Bedroom",05/01/09,05/31/09,20,20,20,20,20,48,48,196
2009,"Old Key West","Dream","One Bedroom",06/01/09,06/10/09,20,20,20,20,20,48,48,196
2009,"Old Key West","Dream","One Bedroom",08/16/09,08/31/09,20,20,20,20,20,48,48,196
2009,"Old Key West","Dream","Two Bedroom",02/01/09,02/15/09,27,27,27,27,27,64,64,263
2009,"Old Key West","Dream","Two Bedroom",05/01/09,05/31/09,27,27,27,27,27,64,64,263
2009,"Old Key West","Dream","Two Bedroom",06/01/09,06/10/09,27,27,27,27,27,64,64,263
2009,"Old Key West","Dream","Two Bedroom",08/16/09,08/31/09,27,27,27,27,27,64,64,263
2009,"Old Key West","Dream","Grand Villa",02/01/09,02/15/09,45,45,45,45,45,107,107,439
2009,"Old Key West","Dream","Grand Villa",05/01/09,05/31/09,45,45,45,45,45,107,107,439
2009,"Old Key West","Dream","Grand Villa",06/01/09,06/10/09,45,45,45,45,45,107,107,439
2009,"Old Key West","Dream","Grand Villa",08/16/09,08/31/09,45,45,45,45,45,107,107,439
2009,"Old Key West","Magic","Studio",02/16/09,02/28/09,11,11,11,11,11,27,27,109
2009,"Old Key West","Magic","Studio",03/01/09,03/31/09,11,11,11,11,11,27,27,109
2009,"Old Key West","Magic","Studio",04/01/09,04/04/09,11,11,11,11,11,27,27,109
2009,"Old Key West","Magic","Studio",04/19/09,04/30/09,11,11,11,11,11,27,27,109
2009,"Old Key West","Magic","Studio",06/11/09,06/30/09,11,11,11,11,11,27,27,109
2009,"Old Key West","Magic","Studio",07/01/09,07/31/09,11,11,11,11,11,27,27,109
2009,"Old Key West","Magic","Studio",08/01/09,08/15/09,11,11,11,11,11,27,27,109
2009,"Old Key West","Magic","Studio",11/25/09,12/27/09,11,11,11,11,11,27,27,109
2009,"Old Key West","Magic","One Bedroom",02/16/09,02/28/09,22,22,22,22,22,54,54,218
2009,"Old Key West","Magic","One Bedroom",03/01/09,03/31/09,22,22,22,22,22,54,54,218
2009,"Old Key West","Magic","One Bedroom",04/01/09,04/04/09,22,22,22,22,22,54,54,218
2009,"Old Key West","Magic","One Bedroom",04/19/09,04/30/09,22,22,22,22,22,54,54,218
2009,"Old Key West","Magic","One Bedroom",06/11/09,06/30/09,22,22,22,22,22,54,54,218
2009,"Old Key West","Magic","One Bedroom",07/01/09,07/31/09,22,22,22,22,22,54,54,218
2009,"Old Key West","Magic","One Bedroom",08/01/09,08/15/09,22,22,22,22,22,54,54,218
2009,"Old Key West","Magic","One Bedroom",11/25/09,12/27/09,22,22,22,22,22,54,54,218
2009,"Old Key West","Magic","Two Bedroom",02/16/09,02/28/09,30,30,30,30,30,73,73,296
2009,"Old Key West","Magic","Two Bedroom",03/01/09,03/31/09,30,30,30,30,30,73,73,296
2009,"Old Key West","Magic","Two Bedroom",04/01/09,04/04/09,30,30,30,30,30,73,73,296
2009,"Old Key West","Magic","Two Bedroom",04/19/09,04/30/09,30,30,30,30,30,73,73,296
2009,"Old Key West","Magic","Two Bedroom",06/11/09,06/30/09,30,30,30,30,30,73,73,296
2009,"Old Key West","Magic","Two Bedroom",07/01/09,07/31/09,30,30,30,30,30,73,73,296
2009,"Old Key West","Magic","Two Bedroom",08/01/09,08/15/09,30,30,30,30,30,73,73,296
2009,"Old Key West","Magic","Two Bedroom",11/25/09,12/27/09,30,30,30,30,30,73,73,296
2009,"Old Key West","Magic","Grand Villa",02/16/09,02/28/09,51,51,51,51,51,123,123,501
2009,"Old Key West","Magic","Grand Villa",03/01/09,03/31/09,51,51,51,51,51,123,123,501
2009,"Old Key West","Magic","Grand Villa",04/01/09,04/04/09,51,51,51,51,51,123,123,501
2009,"Old Key West","Magic","Grand Villa",04/19/09,04/30/09,51,51,51,51,51,123,123,501
2009,"Old Key West","Magic","Grand Villa",06/11/09,06/30/09,51,51,51,51,51,123,123,501
2009,"Old Key West","Magic","Grand Villa",07/01/09,07/31/09,51,51,51,51,51,123,123,501
2009,"Old Key West","Magic","Grand Villa",08/01/09,08/15/09,51,51,51,51,51,123,123,501
2009,"Old Key West","Magic","Grand Villa",11/25/09,12/27/09,51,51,51,51,51,123,123,501
2009,"Old Key West","Premier","Studio",04/05/09,04/18/09,15,15,15,15,15,36,36,147
2009,"Old Key West","Premier","Studio",12/24/09,12/31/09,15,15,15,15,15,36,36,147
2009,"Old Key West","Premier","One Bedroom",04/05/09,04/18/09,30,30,30,30,30,73,73,296
2009,"Old Key West","Premier","One Bedroom",12/24/09,12/31/09,30,30,30,30,30,73,73,296
2009,"Old Key West","Premier","Two Bedroom",04/05/09,04/18/09,41,41,41,41,41,100,100,405
2009,"Old Key West","Premier","Two Bedroom",12/24/09,12/31/09,41,41,41,41,41,100,100,405
2009,"Old Key West","Premier","Grand Villa",04/05/09,04/18/09,66,66,66,66,66,162,162,654
2009,"Old Key West","Premier","Grand Villa",12/24/09,12/31/09,66,66,66,66,66,162,162,654
2009,"Saratoga Springs","Adventure","Studio",01/31/09,01/31/09,11,11,11,11,11,20,20,95
2009,"Saratoga Springs","Adventure","Studio",09/01/09,09/30/09,11,11,11,11,11,20,20,95
2009,"Saratoga Springs","Adventure","Studio",12/01/09,12/14/09,11,11,11,11,11,20,20,95
2009,"Saratoga Springs","Adventure","One Bedroom",01/31/09,01/31/09,20,20,20,20,20,41,41,182
2009,"Saratoga Springs","Adventure","One Bedroom",09/01/09,09/30/09,20,20,20,20,20,41,41,182
2009,"Saratoga Springs","Adventure","One Bedroom",12/01/09,12/14/09,20,20,20,20,20,41,41,182
2009,"Saratoga Springs","Adventure","Two Bedroom",01/31/09,01/31/09,27,27,27,27,27,54,54,243
2009,"Saratoga Springs","Adventure","Two Bedroom",09/01/09,09/30/09,27,27,27,27,27,54,54,243
2009,"Saratoga Springs","Adventure","Two Bedroom",12/01/09,12/14/09,27,27,27,27,27,54,54,243
2009,"Saratoga Springs","Adventure","Three Bedroom",01/31/09,01/31/09,27,27,27,27,27,54,54,243
2009,"Saratoga Springs","Adventure","Three Bedroom",09/01/09,09/30/09,27,27,27,27,27,54,54,243
2009,"Saratoga Springs","Adventure","Three Bedroom",12/01/09,12/14/09,27,27,27,27,27,54,54,243
2009,"Saratoga Springs","Adventure","Grand Villa",01/31/09,01/31/09,67,67,67,67,67,85,85,505
2009,"Saratoga Springs","Adventure","Grand Villa",09/01/09,09/30/09,67,67,67,67,67,85,85,505
2009,"Saratoga Springs","Adventure","Grand Villa",12/01/09,12/14/09,67,67,67,67,67,85,85,505
2009,"Saratoga Springs","Choice","Studio",10/01/09,10/31/09,11,11,11,11,11,21,21,97
2009,"Saratoga Springs","Choice","Studio",11/01/09,11/24/09,11,11,11,11,11,21,21,97
2009,"Saratoga Springs","Choice","Studio",11/28/09,11/30/09,11,11,11,11,11,21,21,97
2009,"Saratoga Springs","Choice","Studio",12/15/09,12/23/09,11,11,11,11,11,21,21,97
2009,"Saratoga Springs","Choice","One Bedroom",10/01/09,10/31/09,22,22,22,22,22,42,42,194
2009,"Saratoga Springs","Choice","One Bedroom",11/01/09,11/24/09,22,22,22,22,22,42,42,194
2009,"Saratoga Springs","Choice","One Bedroom",11/28/09,11/30/09,22,22,22,22,22,42,42,194
2009,"Saratoga Springs","Choice","One Bedroom",12/15/09,12/23/09,22,22,22,22,22,42,42,194
2009,"Saratoga Springs","Choice","Two Bedroom",10/01/09,10/31/09,29,29,29,29,29,55,55,255
2009,"Saratoga Springs","Choice","Two Bedroom",11/01/09,11/24/09,29,29,29,29,29,55,55,255
2009,"Saratoga Springs","Choice","Two Bedroom",11/28/09,11/30/09,29,29,29,29,29,55,55,255
2009,"Saratoga Springs","Choice","Two Bedroom",12/15/09,12/23/09,29,29,29,29,29,55,55,255
2009,"Saratoga Springs","Choice","Three Bedroom",10/01/09,10/31/09,29,29,29,29,29,55,55,255
2009,"Saratoga Springs","Choice","Three Bedroom",11/01/09,11/24/09,29,29,29,29,29,55,55,255
2009,"Saratoga Springs","Choice","Three Bedroom",11/28/09,11/30/09,29,29,29,29,29,55,55,255
2009,"Saratoga Springs","Choice","Three Bedroom",12/15/09,12/23/09,29,29,29,29,29,55,55,255
2009,"Saratoga Springs","Choice","Grand Villa",10/01/09,10/31/09,71,71,71,71,71,86,86,527
2009,"Saratoga Springs","Choice","Grand Villa",11/01/09,11/24/09,71,71,71,71,71,86,86,527
2009,"Saratoga Springs","Choice","Grand Villa",11/28/09,11/30/09,71,71,71,71,71,86,86,527
2009,"Saratoga Springs","Choice","Grand Villa",12/15/09,12/23/09,71,71,71,71,71,86,86,527
2009,"Saratoga Springs","Dream","Studio",02/01/09,02/15/09,12,12,12,12,12,26,26,112
2009,"Saratoga Springs","Dream","Studio",05/01/09,05/31/09,12,12,12,12,12,26,26,112
2009,"Saratoga Springs","Dream","Studio",06/01/09,06/10/09,12,12,12,12,12,26,26,112
2009,"Saratoga Springs","Dream","Studio",08/16/09,08/31/09,12,12,12,12,12,26,26,112
2009,"Saratoga Springs","Dream","One Bedroom",02/01/09,02/15/09,25,25,25,25,25,50,50,225
2009,"Saratoga Springs","Dream","One Bedroom",05/01/09,05/31/09,25,25,25,25,25,50,50,225
2009,"Saratoga Springs","Dream","One Bedroom",06/01/09,06/10/09,25,25,25,25,25,50,50,225
2009,"Saratoga Springs","Dream","One Bedroom",08/16/09,08/31/09,25,25,25,25,25,50,50,225
2009,"Saratoga Springs","Dream","Two Bedroom",02/01/09,02/15/09,31,31,31,31,31,65,65,285
2009,"Saratoga Springs","Dream","Two Bedroom",05/01/09,05/31/09,31,31,31,31,31,65,65,285
2009,"Saratoga Springs","Dream","Two Bedroom",06/01/09,06/10/09,31,31,31,31,31,65,65,285
2009,"Saratoga Springs","Dream","Two Bedroom",08/16/09,08/31/09,31,31,31,31,31,65,65,285
2009,"Saratoga Springs","Dream","Three Bedroom",02/01/09,02/15/09,31,31,31,31,31,65,65,285
2009,"Saratoga Springs","Dream","Three Bedroom",05/01/09,05/31/09,31,31,31,31,31,65,65,285
2009,"Saratoga Springs","Dream","Three Bedroom",06/01/09,06/10/09,31,31,31,31,31,65,65,285
2009,"Saratoga Springs","Dream","Three Bedroom",08/16/09,08/31/09,31,31,31,31,31,65,65,285
2009,"Saratoga Springs","Dream","Grand Villa",02/01/09,02/15/09,79,79,79,79,79,106,106,607
2009,"Saratoga Springs","Dream","Grand Villa",05/01/09,05/31/09,79,79,79,79,79,106,106,607
2009,"Saratoga Springs","Dream","Grand Villa",06/01/09,06/10/09,79,79,79,79,79,106,106,607
2009,"Saratoga Springs","Dream","Grand Villa",08/16/09,08/31/09,79,79,79,79,79,106,106,607
2009,"Saratoga Springs","Magic","Studio",02/16/09,02/28/09,13,13,13,13,13,29,29,123
2009,"Saratoga Springs","Magic","Studio",03/01/09,03/31/09,13,13,13,13,13,29,29,123
2009,"Saratoga Springs","Magic","Studio",04/01/09,04/04/09,13,13,13,13,13,29,29,123
2009,"Saratoga Springs","Magic","Studio",04/19/09,04/30/09,13,13,13,13,13,29,29,123
2009,"Saratoga Springs","Magic","Studio",06/11/09,06/30/09,13,13,13,13,13,29,29,123
2009,"Saratoga Springs","Magic","Studio",07/01/09,07/31/09,13,13,13,13,13,29,29,123
2009,"Saratoga Springs","Magic","Studio",08/01/09,08/15/09,13,13,13,13,13,29,29,123
2009,"Saratoga Springs","Magic","Studio",11/25/09,12/27/09,13,13,13,13,13,29,29,123
2009,"Saratoga Springs","Magic","One Bedroom",02/16/09,02/28/09,27,27,27,27,27,54,54,243
2009,"Saratoga Springs","Magic","One Bedroom",03/01/09,03/31/09,27,27,27,27,27,54,54,243
2009,"Saratoga Springs","Magic","One Bedroom",04/01/09,04/04/09,27,27,27,27,27,54,54,243
2009,"Saratoga Springs","Magic","One Bedroom",04/19/09,04/30/09,27,27,27,27,27,54,54,243
2009,"Saratoga Springs","Magic","One Bedroom",06/11/09,06/30/09,27,27,27,27,27,54,54,243
2009,"Saratoga Springs","Magic","One Bedroom",07/01/09,07/31/09,27,27,27,27,27,54,54,243
2009,"Saratoga Springs","Magic","One Bedroom",08/01/09,08/15/09,27,27,27,27,27,54,54,243
2009,"Saratoga Springs","Magic","One Bedroom",11/25/09,12/27/09,27,27,27,27,27,54,54,243
2009,"Saratoga Springs","Magic","Two Bedroom",02/16/09,02/28/09,36,36,36,36,36,68,68,316
2009,"Saratoga Springs","Magic","Two Bedroom",03/01/09,03/31/09,36,36,36,36,36,68,68,316
2009,"Saratoga Springs","Magic","Two Bedroom",04/01/09,04/04/09,36,36,36,36,36,68,68,316
2009,"Saratoga Springs","Magic","Two Bedroom",04/19/09,04/30/09,36,36,36,36,36,68,68,316
2009,"Saratoga Springs","Magic","Two Bedroom",06/11/09,06/30/09,36,36,36,36,36,68,68,316
2009,"Saratoga Springs","Magic","Two Bedroom",07/01/09,07/31/09,36,36,36,36,36,68,68,316
2009,"Saratoga Springs","Magic","Two Bedroom",08/01/09,08/15/09,36,36,36,36,36,68,68,316
2009,"Saratoga Springs","Magic","Two Bedroom",11/25/09,12/27/09,36,36,36,36,36,68,68,316
2009,"Saratoga Springs","Magic","Three Bedroom",02/16/09,02/28/09,36,36,36,36,36,68,68,316
2009,"Saratoga Springs","Magic","Three Bedroom",03/01/09,03/31/09,36,36,36,36,36,68,68,316
2009,"Saratoga Springs","Magic","Three Bedroom",04/01/09,04/04/09,36,36,36,36,36,68,68,316
2009,"Saratoga Springs","Magic","Three Bedroom",04/19/09,04/30/09,36,36,36,36,36,68,68,316
2009,"Saratoga Springs","Magic","Three Bedroom",06/11/09,06/30/09,36,36,36,36,36,68,68,316
2009,"Saratoga Springs","Magic","Three Bedroom",07/01/09,07/31/09,36,36,36,36,36,68,68,316
2009,"Saratoga Springs","Magic","Three Bedroom",08/01/09,08/15/09,36,36,36,36,36,68,68,316
2009,"Saratoga Springs","Magic","Three Bedroom",11/25/09,12/27/09,36,36,36,36,36,68,68,316
2009,"Saratoga Springs","Magic","Grand Villa",02/16/09,02/28/09,97,97,97,97,97,117,117,719
2009,"Saratoga Springs","Magic","Grand Villa",03/01/09,03/31/09,97,97,97,97,97,117,117,719
2009,"Saratoga Springs","Magic","Grand Villa",04/01/09,04/04/09,97,97,97,97,97,117,117,719
2009,"Saratoga Springs","Magic","Grand Villa",04/19/09,04/30/09,97,97,97,97,97,117,117,719
2009,"Saratoga Springs","Magic","Grand Villa",06/11/09,06/30/09,97,97,97,97,97,117,117,719
2009,"Saratoga Springs","Magic","Grand Villa",07/01/09,07/31/09,97,97,97,97,97,117,117,719
2009,"Saratoga Springs","Magic","Grand Villa",08/01/09,08/15/09,97,97,97,97,97,117,117,719
2009,"Saratoga Springs","Magic","Grand Villa",11/25/09,12/27/09,97,97,97,97,97,117,117,719
2009,"Saratoga Springs","Premier","Studio",04/05/09,04/18/09,17,17,17,17,17,39,39,163
2009,"Saratoga Springs","Premier","Studio",12/24/09,12/31/09,17,17,17,17,17,39,39,163
2009,"Saratoga Springs","Premier","One Bedroom",04/05/09,04/18/09,36,36,36,36,36,68,68,316
2009,"Saratoga Springs","Premier","One Bedroom",12/24/09,12/31/09,36,36,36,36,36,68,68,316
2009,"Saratoga Springs","Premier","Two Bedroom",04/05/09,04/18/09,45,45,45,45,45,95,95,415
2009,"Saratoga Springs","Premier","Two Bedroom",12/24/09,12/31/09,45,45,45,45,45,95,95,415
2009,"Saratoga Springs","Premier","Three Bedroom",04/05/09,04/18/09,45,45,45,45,45,95,95,415
2009,"Saratoga Springs","Premier","Three Bedroom",12/24/09,12/31/09,45,45,45,45,45,95,95,415
2009,"Saratoga Springs","Premier","Grand Villa",04/05/09,04/18/09,117,117,117,117,117,142,142,869
2009,"Saratoga Springs","Premier","Grand Villa",12/24/09,12/31/09,117,117,117,117,117,142,142,869
2009,"Wilderness Lodge","Adventure","Studio",01/01/09,01/31/09,12,12,12,12,12,22,22,104
2009,"Wilderness Lodge","Adventure","Studio",09/01/09,09/30/09,12,12,12,12,12,22,22,104
2009,"Wilderness Lodge","Adventure","Studio",12/01/09,12/14/09,12,12,12,12,12,22,22,104
2009,"Wilderness Lodge","Adventure","One Bedroom",01/01/09,01/31/09,22,22,22,22,22,45,45,200
2009,"Wilderness Lodge","Adventure","One Bedroom",09/01/09,09/30/09,22,22,22,22,22,45,45,200
2009,"Wilderness Lodge","Adventure","One Bedroom",12/01/09,12/14/09,22,22,22,22,22,45,45,200
2009,"Wilderness Lodge","Adventure","Two Bedroom",01/01/09,01/31/09,30,30,30,30,30,60,60,270
2009,"Wilderness Lodge","Adventure","Two Bedroom",09/01/09,09/30/09,30,30,30,30,30,60,60,270
2009,"Wilderness Lodge","Adventure","Two Bedroom",12/01/09,12/14/09,30,30,30,30,30,60,60,270
2009,"Wilderness Lodge","Choice","Studio",10/01/09,10/31/09,12,12,12,12,12,22,22,104
2009,"Wilderness Lodge","Choice","Studio",11/01/09,11/24/09,12,12,12,12,12,22,22,104
2009,"Wilderness Lodge","Choice","Studio",11/28/09,11/30/09,12,12,12,12,12,22,22,104
2009,"Wilderness Lodge","Choice","Studio",12/15/09,12/23/09,12,12,12,12,12,22,22,104
2009,"Wilderness Lodge","Choice","One Bedroom",10/01/09,10/31/09,22,22,22,22,22,45,45,200
2009,"Wilderness Lodge","Choice","One Bedroom",11/01/09,11/24/09,22,22,22,22,22,45,45,200
2009,"Wilderness Lodge","Choice","One Bedroom",11/28/09,11/30/09,22,22,22,22,22,45,45,200
2009,"Wilderness Lodge","Choice","One Bedroom",12/15/09,12/23/09,22,22,22,22,22,45,45,200
2009,"Wilderness Lodge","Choice","Two Bedroom",10/01/09,10/31/09,30,30,30,30,30,60,60,270
2009,"Wilderness Lodge","Choice","Two Bedroom",11/01/09,11/24/09,30,30,30,30,30,60,60,270
2009,"Wilderness Lodge","Choice","Two Bedroom",11/28/09,11/30/09,30,30,30,30,30,60,60,270
2009,"Wilderness Lodge","Choice","Two Bedroom",12/15/09,12/23/09,30,30,30,30,30,60,60,270
2009,"Wilderness Lodge","Dream","Studio",02/01/09,02/15/09,13,13,13,13,13,29,29,123
2009,"Wilderness Lodge","Dream","Studio",05/01/09,05/31/09,13,13,13,13,13,29,29,123
2009,"Wilderness Lodge","Dream","Studio",06/01/09,06/10/09,13,13,13,13,13,29,29,123
2009,"Wilderness Lodge","Dream","Studio",08/16/09,08/31/09,13,13,13,13,13,29,29,123
2009,"Wilderness Lodge","Dream","One Bedroom",02/01/09,02/15/09,28,28,28,28,28,56,56,252
2009,"Wilderness Lodge","Dream","One Bedroom",05/01/09,05/31/09,28,28,28,28,28,56,56,252
2009,"Wilderness Lodge","Dream","One Bedroom",06/01/09,06/10/09,28,28,28,28,28,56,56,252
2009,"Wilderness Lodge","Dream","One Bedroom",08/16/09,08/31/09,28,28,28,28,28,56,56,252
2009,"Wilderness Lodge","Dream","Two Bedroom",02/01/09,02/15/09,34,34,34,34,34,72,72,314
2009,"Wilderness Lodge","Dream","Two Bedroom",05/01/09,05/31/09,34,34,34,34,34,72,72,314
2010,"Wilderness Lodge","Dream","Two Bedroom",06/01/09,06/10/09,34,34,34,34,34,72,72,314
2011,"Wilderness Lodge","Dream","Two Bedroom",08/16/09,08/31/09,34,34,34,34,34,72,72,314
2012,"Wilderness Lodge","Magic","Studio",02/16/09,02/28/09,14,14,14,14,14,32,32,134
2013,"Wilderness Lodge","Magic","Studio",03/01/09,03/31/09,14,14,14,14,14,32,32,134
2014,"Wilderness Lodge","Magic","Studio",04/01/09,04/04/09,14,14,14,14,14,32,32,134
2015,"Wilderness Lodge","Magic","Studio",04/19/09,04/30/09,14,14,14,14,14,32,32,134
2016,"Wilderness Lodge","Magic","Studio",06/11/09,06/30/09,14,14,14,14,14,32,32,134
2017,"Wilderness Lodge","Magic","Studio",07/01/09,07/31/09,14,14,14,14,14,32,32,134
2018,"Wilderness Lodge","Magic","Studio",08/01/09,08/15/09,14,14,14,14,14,32,32,134
2019,"Wilderness Lodge","Magic","Studio",11/25/09,11/27/09,14,14,14,14,14,32,32,134
2020,"Wilderness Lodge","Magic","One Bedroom",02/16/09,02/28/09,30,30,30,30,30,60,60,270
2021,"Wilderness Lodge","Magic","One Bedroom",03/01/09,03/31/09,30,30,30,30,30,60,60,270
2022,"Wilderness Lodge","Magic","One Bedroom",04/01/09,04/04/09,30,30,30,30,30,60,60,270
2023,"Wilderness Lodge","Magic","One Bedroom",04/19/09,04/30/09,30,30,30,30,30,60,60,270
2024,"Wilderness Lodge","Magic","One Bedroom",06/11/09,06/30/09,30,30,30,30,30,60,60,270
2025,"Wilderness Lodge","Magic","One Bedroom",07/01/09,07/31/09,30,30,30,30,30,60,60,270
2026,"Wilderness Lodge","Magic","One Bedroom",08/01/09,08/15/09,30,30,30,30,30,60,60,270
2027,"Wilderness Lodge","Magic","One Bedroom",11/25/09,11/27/09,30,30,30,30,30,60,60,270
2028,"Wilderness Lodge","Magic","Two Bedroom",02/16/09,02/28/09,40,40,40,40,40,75,75,350
2029,"Wilderness Lodge","Magic","Two Bedroom",03/01/09,03/31/09,40,40,40,40,40,75,75,350
2030,"Wilderness Lodge","Magic","Two Bedroom",04/01/09,04/04/09,40,40,40,40,40,75,75,350
2031,"Wilderness Lodge","Magic","Two Bedroom",04/19/09,04/30/09,40,40,40,40,40,75,75,350
2032,"Wilderness Lodge","Magic","Two Bedroom",06/11/09,06/30/09,40,40,40,40,40,75,75,350
2033,"Wilderness Lodge","Magic","Two Bedroom",07/01/09,07/31/09,40,40,40,40,40,75,75,350
2034,"Wilderness Lodge","Magic","Two Bedroom",08/01/09,08/15/09,40,40,40,40,40,75,75,350
2035,"Wilderness Lodge","Magic","Two Bedroom",11/25/09,11/27/09,40,40,40,40,40,75,75,350
2036,"Wilderness Lodge","Premier","Studio",04/05/09,04/18/09,19,19,19,19,19,43,43,181
2037,"Wilderness Lodge","Premier","Studio",12/24/09,12/31/09,19,19,19,19,19,43,43,181
2038,"Wilderness Lodge","Premier","One Bedroom",04/05/09,04/18/09,40,40,40,40,40,75,75,350
2039,"Wilderness Lodge","Premier","One Bedroom",12/24/09,12/31/09,40,40,40,40,40,75,75,350
2040,"Wilderness Lodge","Premier","Two Bedroom",04/05/09,04/18/09,50,50,50,50,50,106,106,462
2041,"Wilderness Lodge","Premier","Two Bedroom",12/24/09,12/31/09,50,50,50,50,50,106,106,462
